symbol,trade_date,prev_close,open_price,high_price,low_price,close_price,avg_price,volume,no_of_trades
RELIANCE,3/13/2026,1392.2,1385.2,1400.8,1378.4,1380.7,1388.25,17265090,315335
RELIANCE,3/12/2026,1390.2,1390,1410.9,1381.1,1392.2,1397.56,20939959,370385
RELIANCE,3/11/2026,1408.8,1424.9,1434,1383.6,1390.2,1402.95,21848087,358595
RELIANCE,3/10/2026,1424,1430.6,1431.5,1400.6,1408.8,1410.92,18071259,266712
RELIANCE,3/9/2026,1404.8,1375,1429.4,1370,1424,1404.08,24870822,363998
RELIANCE,3/6/2026,1389.4,1396.5,1424.3,1390.3,1404.8,1412.87,19311971,291792
RELIANCE,3/5/2026,1345,1353.1,1399,1353.1,1389.4,1383.03,25957532,339169
RELIANCE,3/4/2026,1358,1330,1352.8,1307,1345,1334.6,32495007,643399
RELIANCE,3/2/2026,1393.9,1375.5,1378.6,1341.5,1358,1358.19,23728722,384813
RELIANCE,2/27/2026,1406.8,1398,1410.4,1388.1,1393.9,1397.46,12031440,195405
RELIANCE,2/26/2026,1398.5,1398.5,1412.9,1391.9,1406.8,1404.01,16683858,242404
RELIANCE,2/25/2026,1428.8,1435,1440.5,1393.5,1398.5,1414.07,10728792,204165
RELIANCE,2/24/2026,1428,1425.3,1433.3,1415,1428.8,1424.96,12529409,196324
RELIANCE,2/23/2026,1419.4,1425,1434.9,1418.3,1428,1425.5,7758856,140217
RELIANCE,2/20/2026,1409.5,1409.5,1427.4,1406.1,1419.4,1420,8177670,161489
RELIANCE,2/19/2026,1441.3,1443,1443,1400,1409.5,1415.94,11884664,221944
RELIANCE,2/18/2026,1423,1427,1442.1,1419.2,1441.3,1432.14,5521096,121784
RELIANCE,2/17/2026,1437.1,1431.1,1431.8,1418.6,1423,1423.1,10731630,189670
RELIANCE,2/16/2026,1419.6,1420.1,1439.6,1409.3,1437.1,1426.07,5896514,160094
RELIANCE,2/13/2026,1448.9,1445.5,1450.7,1416.3,1419.6,1423.73,10755693,182348
RELIANCE,2/12/2026,1468.7,1470,1473,1445.5,1448.9,1453.64,11135399,195451
RELIANCE,2/11/2026,1458.5,1459.6,1470,1453.6,1468.7,1465.14,7106877,200342
RELIANCE,2/10/2026,1461.6,1471,1471,1452.2,1458.5,1459.23,10259630,181163
RELIANCE,2/9/2026,1450.8,1458,1465.9,1453,1461.6,1462.26,5775864,127171
RELIANCE,2/6/2026,1443.4,1441.5,1452.8,1433.5,1450.8,1442.78,8277304,133331
RELIANCE,2/5/2026,1456.8,1457,1461.5,1439.5,1443.4,1444.91,11763658,206465
RELIANCE,2/4/2026,1437.1,1444,1464,1440.3,1456.8,1455.35,8333387,189873
RELIANCE,2/3/2026,1390.4,1473.9,1489.5,1430.2,1437.1,1445.7,25456171,360494
RELIANCE,2/2/2026,1347,1340,1392.9,1335.5,1390.4,1373.27,15711165,379997
RELIANCE,2/1/2026,1395.4,1396,1411,1335,1347,1377.13,9714528,236369
RELIANCE,1/30/2026,1391,1382.6,1398,1378.5,1395.4,1391.25,11239835,159638
RELIANCE,1/29/2026,1396.7,1402.9,1402.9,1384,1391,1393.55,20846683,295986
RELIANCE,1/28/2026,1380.5,1385,1409.9,1384.9,1396.7,1396.85,11121657,209556
RELIANCE,1/27/2026,1386.1,1380,1391.6,1368,1380.5,1381.87,26302396,337571
RELIANCE,1/23/2026,1402.5,1401.8,1407,1381,1386.1,1391.32,9837802,263283
RELIANCE,1/22/2026,1404.6,1410.1,1419.5,1395,1402.5,1403.8,15721693,391641
RELIANCE,1/21/2026,1394,1389.5,1412.9,1373,1404.6,1399.14,17352720,412452
RELIANCE,1/20/2026,1413.6,1410.7,1416,1390,1394,1401.05,13189498,382470
RELIANCE,1/19/2026,1457.9,1450.6,1450.6,1403.3,1413.6,1415.36,20392765,569720
RELIANCE,1/16/2026,1458.8,1458.8,1480,1455.1,1457.9,1464.15,17167161,289037
RELIANCE,1/14/2026,1452.8,1444,1467,1440.2,1458.8,1458.22,8321764,167816
RELIANCE,1/13/2026,1483.2,1485,1485.8,1444.7,1452.8,1457.67,13499760,289198
RELIANCE,1/12/2026,1475.3,1475.3,1485.3,1451,1483.2,1469.79,8883745,236827
RELIANCE,1/9/2026,1470.6,1465,1479.9,1465,1475.3,1472.13,8335311,237412
RELIANCE,1/8/2026,1504.2,1500,1503.9,1468.8,1470.6,1477.72,16518684,443727
RELIANCE,1/7/2026,1507.6,1510,1520,1498,1504.2,1506.81,11199340,302077
RELIANCE,1/6/2026,1578.1,1569,1569,1496.3,1507.6,1516.17,27417125,583917
RELIANCE,1/5/2026,1592.3,1593,1611.8,1575.3,1578.1,1589.36,8704973,227204
RELIANCE,1/2/2026,1575.6,1580,1594.6,1578.2,1592.3,1589.16,6602230,156023
RELIANCE,1/1/2026,1570.4,1573.7,1592.5,1571.1,1575.6,1578.67,6408128,134062
RELIANCE,12/31/2025,1539.8,1541,1577,1541,1570.4,1566.86,5771830,141792
RELIANCE,12/30/2025,1545.6,1547,1553.6,1537.8,1539.8,1543.21,8815884,199428
RELIANCE,12/29/2025,1559.2,1554.9,1558.1,1543.6,1545.6,1547.8,5972105,158162
RELIANCE,12/26/2025,1558.2,1554.7,1561,1554.3,1559.2,1558.05,2311495,81976
RELIANCE,12/24/2025,1570.7,1572.7,1575.7,1553.6,1558.2,1559.55,8815745,243970
RELIANCE,12/23/2025,1575.4,1580.9,1580.9,1568.1,1570.7,1573.01,7506564,179265
RELIANCE,12/22/2025,1565.1,1573.5,1577.5,1565.3,1575.4,1571.96,10184852,371017
RELIANCE,12/19/2025,1544.4,1554.4,1574.2,1551,1565.1,1566.6,13937275,279233
RELIANCE,12/18/2025,1544.4,1535.2,1551.5,1535.2,1544.4,1545.3,6580829,175814
RELIANCE,12/17/2025,1542.3,1550,1550,1539.3,1544.4,1544.14,7116649,176852
RELIANCE,12/16/2025,1556.2,1545,1551.7,1538.8,1542.3,1544.3,11731856,246980
RELIANCE,12/15/2025,1556.5,1551.2,1558.6,1546.5,1556.2,1553.69,5774543,185872
RELIANCE,12/12/2025,1545,1550.8,1559.8,1546.1,1556.5,1555.21,5106655,139702
RELIANCE,12/11/2025,1536.9,1536.9,1550,1524,1545,1540.61,4706197,168155
RELIANCE,12/10/2025,1529.4,1534,1547.5,1531.4,1536.9,1539.72,7991629,202989
RELIANCE,12/9/2025,1543,1540.3,1542.5,1520.1,1529.4,1530,11503971,205129
RELIANCE,12/8/2025,1540.6,1539.2,1551,1535,1543,1540.71,11301491,182756
RELIANCE,12/5/2025,1535.6,1530.4,1545.8,1520.6,1540.6,1534.8,10183266,181528
RELIANCE,12/4/2025,1538.8,1536,1560.5,1517.6,1535.6,1543.73,11867930,203260
RELIANCE,12/3/2025,1546.3,1545.2,1552.4,1533,1538.8,1539.45,6090883,156721
RELIANCE,12/2/2025,1566.1,1561.1,1567.5,1542,1546.3,1550.62,11389150,323713
RELIANCE,12/1/2025,1567.5,1575,1577.5,1563.6,1566.1,1571.31,8920233,292601
RELIANCE,11/28/2025,1563.4,1568,1581.3,1563,1567.5,1571.94,8959508,229373
RELIANCE,11/27/2025,1569.9,1575,1575.5,1556,1563.4,1563.68,9794643,278929
RELIANCE,11/26/2025,1539.7,1542.3,1571.6,1540.5,1569.9,1562.98,14054299,285274
RELIANCE,11/25/2025,1535.9,1535.9,1559.6,1525.1,1539.7,1546.34,15033482,299805
RELIANCE,11/24/2025,1546.6,1550,1550,1531.8,1535.9,1537.26,18433951,198313
RELIANCE,11/21/2025,1549.1,1541,1557.8,1540.1,1546.6,1549.35,9615271,240250
RELIANCE,11/20/2025,1518.9,1530,1550.9,1526.7,1549.1,1543.57,18171724,246552
RELIANCE,11/19/2025,1519.4,1517.4,1522.3,1512,1518.9,1518.64,5692366,131481
RELIANCE,11/18/2025,1518.3,1521.7,1527.8,1510.5,1519.4,1520.18,11045042,165850
RELIANCE,11/17/2025,1518.9,1520.9,1523.7,1511.5,1518.3,1516.89,5871416,123473
RELIANCE,11/14/2025,1510.9,1505.5,1520.9,1505.5,1518.9,1516.51,7682823,194941
RELIANCE,11/13/2025,1511.5,1515,1522.1,1506.8,1510.9,1514.35,7196443,209774
RELIANCE,11/12/2025,1493.4,1505,1524.7,1500,1511.5,1515,12384459,252417
RELIANCE,11/11/2025,1489.3,1497,1498.8,1480.2,1493.4,1489.58,7127506,149607
RELIANCE,11/10/2025,1478,1477.9,1501,1475.5,1489.3,1492.69,7068438,154602
RELIANCE,11/7/2025,1496.1,1494.6,1498.4,1475.9,1478,1486.71,7821765,139608
RELIANCE,11/6/2025,1473.1,1484,1501.6,1476.2,1496.1,1494.08,16772678,269902
RELIANCE,11/4/2025,1484.7,1483.9,1492.8,1470.1,1473.1,1480.96,10007806,218103
RELIANCE,11/3/2025,1486.4,1486,1495,1479.3,1484.7,1488.29,8452085,245664
RELIANCE,10/31/2025,1488.5,1490.4,1497.5,1482.3,1486.4,1487.8,8758053,206898
RELIANCE,10/30/2025,1504.2,1500,1503.1,1484,1488.5,1492.27,9318663,276397
RELIANCE,10/29/2025,1486.9,1490,1508.3,1488.1,1504.2,1502.67,11884745,219504
RELIANCE,10/28/2025,1484.1,1484.1,1492,1477.6,1486.9,1484.96,17631577,314894
RELIANCE,10/27/2025,1451.6,1463,1485,1458,1484.1,1480.24,14113867,274839
RELIANCE,10/24/2025,1448.4,1450,1459.8,1441,1451.6,1450.25,9700837,221258
RELIANCE,10/23/2025,1465.2,1475,1482.9,1444.6,1448.4,1464.71,18707090,376220
RELIANCE,10/21/2025,1466.8,1468,1474,1460,1465.2,1467.87,2066169,86819
RELIANCE,10/20/2025,1416.8,1440,1473.8,1433.3,1466.8,1461.76,24721978,512798
RELIANCE,10/17/2025,1398.3,1401,1423.3,1399.1,1416.8,1413.78,19335561,350761
RELIANCE,10/16/2025,1374.3,1375.1,1400.5,1375,1398.3,1387.2,12315932,287913
RELIANCE,10/15/2025,1375.9,1383,1384,1372.7,1374.3,1377.15,10882743,239811
RELIANCE,10/14/2025,1375,1380,1388,1370.1,1375.9,1377.47,9768174,164937
RELIANCE,10/13/2025,1381.7,1376.9,1377.7,1367.8,1375,1372.7,7600682,175585
RELIANCE,10/10/2025,1377.8,1377.8,1388,1375.1,1381.7,1383.21,6373084,193985
RELIANCE,10/9/2025,1367.4,1374,1380,1369.1,1377.8,1376.25,8826633,217890
RELIANCE,10/8/2025,1384.8,1384.8,1389,1364.5,1367.4,1371.62,8525081,214245
RELIANCE,10/7/2025,1375,1376,1395.9,1375.9,1384.8,1386.79,11244040,196055
RELIANCE,10/6/2025,1363.4,1360,1377.4,1359,1375,1367.85,12396580,184550
RELIANCE,10/3/2025,1368.7,1363.2,1371.6,1356.9,1363.4,1362.13,12842347,216161
RELIANCE,10/1/2025,1364,1367,1378.6,1362.7,1368.7,1369.56,12045916,258017
RELIANCE,9/30/2025,1372.8,1377.1,1377.1,1362.8,1364,1366.52,14604684,223375
RELIANCE,9/29/2025,1377.6,1381.6,1389,1368,1372.8,1375.78,14231999,213268
RELIANCE,9/26/2025,1372.4,1372,1382.7,1366,1377.6,1376.37,9879109,148644
RELIANCE,9/25/2025,1383,1381.3,1384.5,1369,1372.4,1375.53,11411143,155102
RELIANCE,9/24/2025,1389.8,1385.3,1396,1380.4,1383,1387.32,5922759,120399
RELIANCE,9/23/2025,1390.6,1391,1395,1376.8,1389.8,1387.57,14014702,210931
RELIANCE,9/22/2025,1407.4,1403.9,1410.7,1388,1390.6,1400.91,7757970,136991
RELIANCE,9/19/2025,1415,1414.9,1417,1403.6,1407.4,1408.43,13461373,143644
RELIANCE,9/18/2025,1413.8,1420.4,1422,1410.7,1415,1415.31,9332642,182559
RELIANCE,9/17/2025,1405.3,1407,1416.2,1406.9,1413.8,1412.05,7519417,189638
RELIANCE,9/16/2025,1399.3,1404.7,1408,1398.2,1405.3,1404,8686961,170452
RELIANCE,9/15/2025,1395,1393,1400.8,1388.6,1399.3,1395.97,5396697,130728
RELIANCE,9/12/2025,1383.3,1383.3,1396.3,1380.5,1395,1392.69,7403368,156369
RELIANCE,9/11/2025,1377,1376,1385.5,1375,1383.3,1382.49,9766072,173431
RELIANCE,9/10/2025,1376.2,1383.9,1388.5,1374.1,1377,1380.12,7790815,222655
RELIANCE,9/9/2025,1378.5,1376.6,1381.2,1368.7,1376.2,1375.44,9754452,209637
RELIANCE,9/8/2025,1375,1380,1386,1372.4,1378.5,1379.43,6986720,131052
RELIANCE,9/5/2025,1359.3,1363,1381,1359.3,1375,1370.36,5777575,142951
RELIANCE,9/4/2025,1372.6,1371.8,1374,1357.1,1359.3,1363.97,13223177,200473
RELIANCE,9/3/2025,1366.5,1369.7,1376.5,1360.5,1372.6,1368.85,7847563,209277
RELIANCE,9/2/2025,1353.9,1354.8,1384.5,1354.5,1366.5,1374.28,11517006,235433
RELIANCE,9/1/2025,1357.2,1356,1363.2,1340.6,1353.9,1353.99,11232238,249574
RELIANCE,8/29/2025,1385.9,1381.1,1403.5,1350,1357.2,1375.14,18758842,348532
RELIANCE,8/28/2025,1384.9,1389.9,1392.2,1366.5,1385.9,1380.78,13161813,252423
RELIANCE,8/26/2025,1412.6,1408,1410,1381.6,1384.9,1390.78,12145259,201578
RELIANCE,8/25/2025,1409.2,1414.7,1419.5,1405.7,1412.6,1412.48,5979407,184067
RELIANCE,8/22/2025,1424.8,1420,1423.4,1407.9,1409.2,1414,5818868,137165
RELIANCE,8/21/2025,1413,1425,1431.9,1420.3,1424.8,1427.55,11021323,231863
RELIANCE,8/20/2025,1420.1,1413,1424.9,1410,1413,1418.58,8725641,196554
RELIANCE,8/19/2025,1381.7,1390,1421,1389.1,1420.1,1413.6,14384719,288664
RELIANCE,8/18/2025,1373.8,1390,1394.9,1377,1381.7,1384.21,11785109,319844
RELIANCE,8/14/2025,1382.6,1377.3,1380.7,1370.1,1373.8,1375.17,7126128,175588
RELIANCE,8/13/2025,1380.4,1388,1391.8,1377.5,1382.6,1384.19,7457021,208576
RELIANCE,8/12/2025,1386.2,1381.9,1401.9,1375.2,1380.4,1386.76,12244664,179433
RELIANCE,8/11/2025,1367.8,1370,1388,1361.2,1386.2,1375.78,9997486,226304
RELIANCE,8/8/2025,1389.4,1385,1397.2,1365,1367.8,1374.93,8793606,208137
RELIANCE,8/7/2025,1392.8,1387.7,1393.7,1366,1389.4,1381.52,9976705,293767
RELIANCE,8/6/2025,1391.7,1391.9,1395.9,1383.3,1392.8,1390.57,5834312,156725
RELIANCE,8/5/2025,1411.5,1411,1411,1388.1,1391.7,1394.5,9315972,238858
RELIANCE,8/4/2025,1393.7,1395.1,1416.1,1391.7,1411.5,1410.61,6312820,188246
RELIANCE,8/1/2025,1390.2,1386.9,1405.9,1384.3,1393.7,1397.47,10321171,208431
RELIANCE,7/31/2025,1410.1,1388.1,1402.6,1382.2,1390.2,1392.63,17065827,373516
RELIANCE,7/30/2025,1417.1,1418.1,1423.3,1401.3,1410.1,1411.5,7209849,167311
RELIANCE,7/29/2025,1387.6,1383,1420.2,1383,1417.1,1402.99,10750072,187813
RELIANCE,7/28/2025,1391.7,1392.3,1407.8,1385,1387.6,1394.17,7748361,198421
RELIANCE,7/25/2025,1402.9,1398.9,1401,1384.1,1391.7,1394.22,11854722,237018
RELIANCE,7/24/2025,1424.6,1419.2,1423,1396,1402.9,1407.06,14740507,314670
RELIANCE,7/23/2025,1412.8,1426,1426,1414.4,1424.6,1421.41,8354596,225103
RELIANCE,7/22/2025,1428.6,1427.4,1431.9,1410.7,1412.8,1417.05,20396320,504145
RELIANCE,7/21/2025,1476,1465,1476,1423.1,1428.6,1435.24,22442744,630358
RELIANCE,7/18/2025,1476.4,1484.8,1484.8,1469.1,1476,1475.2,10296318,222241
RELIANCE,7/17/2025,1485.6,1487.4,1489.6,1473.9,1476.4,1479.78,11854613,189733
RELIANCE,7/16/2025,1485.4,1473,1491,1471.5,1485.6,1481.43,10409983,191598
RELIANCE,7/15/2025,1483.7,1486.2,1496.5,1482.4,1485.4,1487.92,8132454,173756
RELIANCE,7/14/2025,1495.2,1492.2,1500,1479.1,1483.7,1487.76,10311846,186122
RELIANCE,7/11/2025,1517.2,1512,1515,1490.3,1495.2,1496.06,7234991,178490
RELIANCE,7/10/2025,1519,1519.7,1524.7,1507.5,1517.2,1516.2,10047129,289035
RELIANCE,7/9/2025,1537.6,1536.7,1551,1510.1,1519,1532.97,8870660,254524
RELIANCE,7/8/2025,1541.5,1536,1544.9,1530.2,1537.6,1536.23,7171261,191265
RELIANCE,7/7/2025,1527.3,1526.6,1544.8,1525,1541.5,1539.06,7251074,205134
RELIANCE,7/4/2025,1517.8,1524,1530,1517.2,1527.3,1523.57,6603501,167255
RELIANCE,7/3/2025,1518.8,1520.8,1531.9,1513,1517.8,1520.57,11283291,258008
RELIANCE,7/2/2025,1528.4,1528.4,1530,1508.7,1518.8,1518.29,6361002,183873
RELIANCE,7/1/2025,1500.6,1500.6,1531.4,1500.1,1528.4,1522.95,10368523,232573
RELIANCE,6/30/2025,1515.4,1513.8,1524.8,1496,1500.6,1509.28,8409527,242195
RELIANCE,6/27/2025,1495.3,1499.4,1522,1496.9,1515.4,1511.99,11117052,269877
RELIANCE,6/26/2025,1467.3,1469.1,1498.8,1465.1,1495.3,1488.16,14657893,247215
RELIANCE,6/25/2025,1450.8,1464,1472.4,1460.5,1467.3,1467.46,7525851,197720
RELIANCE,6/24/2025,1456.8,1465,1475,1443.1,1450.8,1456.68,16402744,284313
RELIANCE,6/23/2025,1466.2,1453,1463.8,1442,1456.8,1453.48,5989078,226309
RELIANCE,6/20/2025,1433.3,1431,1471,1428.1,1466.2,1462.68,29010635,276278
RELIANCE,6/19/2025,1430.1,1430.1,1439.9,1425.7,1433.3,1433.8,10007230,179473
RELIANCE,6/18/2025,1431.2,1430,1442.8,1425.7,1430.1,1431.31,6681735,138211
RELIANCE,6/17/2025,1437.8,1448,1448,1425.8,1431.2,1432.15,10366599,191173
RELIANCE,6/16/2025,1427.9,1426.9,1442.4,1424.4,1437.8,1436.42,8458093,213623
RELIANCE,6/13/2025,1441.6,1424,1435.5,1414.3,1427.9,1423.95,9757276,202256
RELIANCE,6/12/2025,1448.9,1453.5,1457,1434.4,1441.6,1444.32,8828114,190194
RELIANCE,6/11/2025,1438.5,1445.8,1468.6,1443.1,1448.9,1456.11,8195700,184593
RELIANCE,6/10/2025,1448.8,1450,1453.9,1436,1438.5,1442.59,7913181,167203
RELIANCE,6/9/2025,1443.5,1457,1457.5,1445.3,1448.8,1449.95,7885125,159916
RELIANCE,6/6/2025,1442.4,1441,1451.5,1437,1443.5,1444.22,8182161,179734
RELIANCE,6/5/2025,1423.5,1428,1454.7,1423.6,1442.4,1442.72,13716817,304069
RELIANCE,6/4/2025,1405.5,1414.7,1425.7,1406.1,1423.5,1415.78,8126827,152064
RELIANCE,6/3/2025,1413.7,1422.3,1426.5,1403.4,1405.5,1412.34,11252626,230110
RELIANCE,6/2/2025,1420.9,1412.1,1417.5,1395.6,1413.7,1407.75,8098668,189977
RELIANCE,5/30/2025,1417.8,1418,1430.6,1409.7,1420.9,1419.89,13788484,155127
RELIANCE,5/29/2025,1412.9,1412.1,1420,1408.6,1417.8,1414.72,13771917,265116
RELIANCE,5/28/2025,1422.1,1420.1,1422.6,1410.7,1412.9,1414.99,5944611,169185
RELIANCE,5/27/2025,1434.8,1426.1,1437,1413.9,1422.1,1421.81,12640414,211047
RELIANCE,5/26/2025,1426.8,1432,1441,1425.1,1434.8,1437.16,4842944,171837
RELIANCE,5/23/2025,1409.4,1406.6,1433.8,1406.6,1426.8,1424.63,6474883,135371
RELIANCE,5/22/2025,1429.2,1421.2,1423.8,1396.9,1409.4,1406.85,12134466,228031
RELIANCE,5/21/2025,1424.6,1423.9,1436.2,1418.1,1429.2,1427.75,6136364,232529
RELIANCE,5/20/2025,1440.8,1438.2,1445,1421.8,1424.6,1429.91,11270560,182531
RELIANCE,5/19/2025,1456.4,1452.1,1454.6,1438.2,1440.8,1443.67,6195791,144606
RELIANCE,5/16/2025,1454.2,1453.2,1461,1447.3,1456.4,1455.16,9036695,196322
RELIANCE,5/15/2025,1424.4,1425,1461.4,1412.7,1454.2,1441.41,20177211,314261
RELIANCE,5/14/2025,1415.7,1420,1429.9,1415.5,1424.4,1423.31,5570160,145014
RELIANCE,5/13/2025,1436.5,1433.5,1447.7,1412.4,1415.7,1423.23,11407896,281992
RELIANCE,5/12/2025,1377.2,1400,1439,1400,1436.5,1426.35,10674081,310602
RELIANCE,5/9/2025,1407,1385.5,1394.8,1374.5,1377.2,1382.39,13668904,388013
RELIANCE,5/8/2025,1406,1404.1,1420.8,1398,1407,1410.51,16106175,231342
RELIANCE,5/7/2025,1420.9,1420.9,1424.4,1402.7,1406,1412.79,13440169,222903
RELIANCE,5/6/2025,1431.3,1431,1432,1410.6,1420.9,1419.01,14084117,226761
RELIANCE,5/5/2025,1422.4,1431,1439.5,1426.9,1431.3,1432,12685649,204503
RELIANCE,5/2/2025,1405,1414,1426.7,1409.1,1422.4,1419.65,17535402,378385
RELIANCE,4/30/2025,1399.7,1402,1412.4,1369,1405,1404.87,25480745,598769
RELIANCE,4/29/2025,1368.8,1371,1410.9,1370,1399.7,1395.77,32538970,680195
RELIANCE,4/28/2025,1300.4,1340,1374.6,1320.2,1368.8,1355.02,31104496,893347
RELIANCE,4/25/2025,1301.6,1303.5,1325.2,1288.1,1300.4,1303.3,14431012,307093
RELIANCE,4/24/2025,1300,1292.4,1304.5,1290.3,1301.6,1298.32,10468940,181309
RELIANCE,4/23/2025,1291.2,1297,1306,1285.4,1300,1297.08,10480888,232149
RELIANCE,4/22/2025,1295.5,1300,1303.9,1286.3,1291.2,1295.99,13051707,229331
RELIANCE,4/21/2025,1274.5,1270,1300.9,1267,1295.5,1291.47,10429964,257857
RELIANCE,4/17/2025,1239.3,1240.2,1280.2,1227.6,1274.5,1260.38,15398401,321235
RELIANCE,4/16/2025,1240.1,1234.1,1240.9,1229,1239.3,1235.61,8248464,164065
RELIANCE,4/15/2025,1218.95,1251,1251,1237.1,1240.1,1242.83,13378535,199888
RELIANCE,4/11/2025,1185.35,1195.15,1222.65,1195.15,1218.95,1214.05,11224242,187059
RELIANCE,4/9/2025,1182.2,1169.5,1189.8,1168,1185.35,1183.08,10223104,193325
RELIANCE,4/8/2025,1165.7,1172,1196.6,1163.3,1182.2,1179.5,19555040,314171
RELIANCE,4/7/2025,1204.7,1132.2,1171.25,1114.85,1165.7,1150.54,22156106,677564
RELIANCE,4/4/2025,1248.7,1241.1,1245.45,1193.15,1204.7,1206.62,17908652,542347
RELIANCE,4/3/2025,1251.15,1233.05,1251.8,1233.05,1248.7,1246.31,7434366,146316
RELIANCE,4/2/2025,1252.6,1247.55,1255.55,1243.9,1251.15,1251.04,10142590,177979
RELIANCE,4/1/2025,1275.1,1264.6,1277.9,1249.3,1252.6,1260.72,12099648,260862
RELIANCE,3/28/2025,1278.2,1280,1295.75,1269,1275.1,1278.15,18147129,265113
RELIANCE,3/27/2025,1273.05,1278.15,1285,1271.3,1278.2,1278.9,15028056,224828
RELIANCE,3/26/2025,1285.45,1291,1293.8,1268.75,1273.05,1279.04,12074747,292138
RELIANCE,3/25/2025,1302.1,1307.7,1307.7,1282.6,1285.45,1290.63,13713899,271251
RELIANCE,3/24/2025,1276.35,1291,1306,1284.25,1302.1,1297.38,20299319,347056
RELIANCE,3/21/2025,1269.15,1275,1281,1270.1,1276.35,1276.34,21780769,230001
RELIANCE,3/20/2025,1247.15,1251.85,1273,1250.05,1269.15,1262.54,15971477,219527
RELIANCE,3/19/2025,1238.8,1241.05,1253.25,1238.8,1247.15,1247.22,16162399,217782
RELIANCE,3/18/2025,1238.85,1244.7,1248.35,1235,1238.8,1238.98,15745877,312315
RELIANCE,3/17/2025,1247.9,1242.15,1257.4,1233.1,1238.85,1239.76,16640952,269824
TATAPOWER,3/13/2026,402.15,402.15,406.05,393.45,394.95,398.73,9072187,90637
TATAPOWER,3/12/2026,385.75,384,407.35,383.45,402.15,399.63,25007929,204669
TATAPOWER,3/11/2026,381.3,383,392.5,382.35,385.75,388.11,9679700,109890
TATAPOWER,3/10/2026,372.9,375.9,384.15,375.9,381.3,380.85,7675259,71818
TATAPOWER,3/9/2026,375.5,366.5,374.2,365.15,372.9,370.11,5063475,55403
TATAPOWER,3/6/2026,376.85,375,385.25,373.1,375.5,379.85,3748549,44315
TATAPOWER,3/5/2026,365.85,366.25,378.5,366.25,376.85,374.76,5981063,64650
TATAPOWER,3/4/2026,368.35,362.3,369.9,362.1,365.85,365.76,5707031,73287
TATAPOWER,3/2/2026,377.55,356,373.95,356,368.35,368.1,5645823,74085
TATAPOWER,2/27/2026,380.4,380.4,381.5,376.25,377.55,378.17,3197689,40560
TATAPOWER,2/26/2026,381.25,380.8,385.4,378.25,380.4,381.24,3190045,39414
TATAPOWER,2/25/2026,379.75,380,383.65,376.5,381.25,379.92,3122278,36413
TATAPOWER,2/24/2026,379.25,377,380.45,372.5,379.75,377.07,3005896,37450
TATAPOWER,2/23/2026,378,379,381.55,376.8,379.25,378.85,3229333,50351
TATAPOWER,2/20/2026,369.3,369.3,379.2,369.25,378,375.67,2844023,37168
TATAPOWER,2/19/2026,379.6,379.5,381.75,368.3,369.3,372.79,3203557,40669
TATAPOWER,2/18/2026,378.4,378.4,382.15,377.95,379.6,379.97,2150233,35506
TATAPOWER,2/17/2026,382.1,381.4,384.1,377,378.4,379.66,3799013,39105
TATAPOWER,2/16/2026,374.1,372,384.25,370.9,382.1,379.65,3884952,47518
TATAPOWER,2/13/2026,380.55,377,377.8,370.65,374.1,373.75,4441440,51379
TATAPOWER,2/12/2026,375.65,376.2,381.5,371.5,380.55,376.3,6063960,67840
TATAPOWER,2/11/2026,369.95,370.15,377.4,366.65,375.65,371.59,3457996,39609
TATAPOWER,2/10/2026,368.7,369,370.4,367.65,369.95,369.21,1910161,29849
TATAPOWER,2/9/2026,365.95,367,369.1,365.1,368.7,367.45,2824091,38660
TATAPOWER,2/6/2026,364.5,364.4,366.55,361,365.95,363.46,2245318,28513
TATAPOWER,2/5/2026,371.55,363,366.75,360.7,364.5,363.33,5457078,53453
TATAPOWER,2/4/2026,365.1,365.1,372.25,363.6,371.55,370.05,4215317,58179
TATAPOWER,2/3/2026,358.8,367.3,371.6,364,365.1,366.54,3756665,45959
TATAPOWER,2/2/2026,354.35,355,360.55,348.4,358.8,353.81,3274185,44862
TATAPOWER,2/1/2026,366.3,367.7,372,351.65,354.35,363.53,3806616,54241
TATAPOWER,1/30/2026,366.45,366,367,360.1,366.3,364.37,5917250,63400
TATAPOWER,1/29/2026,355.05,357.4,367.5,356.5,366.45,362.71,4356054,53203
TATAPOWER,1/28/2026,347.75,349,355.9,348.7,355.05,352.81,6892969,51436
TATAPOWER,1/27/2026,345.25,345.7,349.95,342.5,347.75,345.71,3960617,53356
TATAPOWER,1/23/2026,353.3,355,355,344.1,345.25,347.54,3122016,62470
TATAPOWER,1/22/2026,349.35,351,354.95,349.8,353.3,352.37,3432952,43126
TATAPOWER,1/21/2026,352.95,351.95,353.6,346.5,349.35,350.08,4066338,59520
TATAPOWER,1/20/2026,363.2,362.45,364.15,351.1,352.95,358.14,3143726,59989
TATAPOWER,1/19/2026,366.1,366.1,368.7,362,363.2,364.87,2283012,38637
TATAPOWER,1/16/2026,367.4,368,372.35,364.2,366.1,368.28,3726735,51636
TATAPOWER,1/14/2026,368.45,366.4,370,366.3,367.4,368.13,3084937,32186
TATAPOWER,1/13/2026,370.6,370.6,372.2,365.15,368.45,368.04,3242292,38824
TATAPOWER,1/12/2026,364.8,364.8,371.35,360.1,370.6,366.17,5589564,64306
TATAPOWER,1/9/2026,374.2,373,374,362.95,364.8,367.82,5875179,69646
TATAPOWER,1/8/2026,380.75,380.15,381.85,373.05,374.2,376.88,3791372,45437
TATAPOWER,1/7/2026,386.5,386.6,387.9,379,380.75,381.63,4136188,46239
TATAPOWER,1/6/2026,388.85,388.85,390.45,384.75,386.5,387.05,3689482,40250
TATAPOWER,1/5/2026,393.1,392.5,393,387.3,388.85,390.23,3966735,52611
TATAPOWER,1/2/2026,381.85,381.85,393.65,381.25,393.1,389.64,13045325,67446
TATAPOWER,1/1/2026,379.6,380,382.25,379,381.85,380.98,1798707,23604
TATAPOWER,12/31/2025,374.35,375,380.75,374.8,379.6,379.05,2075846,25311
TATAPOWER,12/30/2025,376.2,376.05,376.9,372.7,374.35,374.14,1675136,40860
TATAPOWER,12/29/2025,379.55,379,380.3,375.15,376.2,377.04,2379612,36556
TATAPOWER,12/26/2025,379.7,378.9,381.9,378.1,379.55,380.38,2459099,44352
TATAPOWER,12/24/2025,382.2,382.2,383.7,379,379.7,381.69,5215726,54160
TATAPOWER,12/23/2025,380.8,380.8,383.5,380.5,382.2,382.23,2330687,57177
TATAPOWER,12/22/2025,380.55,381,382.7,380,380.8,381.6,3280837,47438
TATAPOWER,12/19/2025,374.95,375.05,381.45,373.5,380.55,377.64,3882916,34978
TATAPOWER,12/18/2025,378.55,377.5,377.65,373,374.95,375.22,3323975,42524
TATAPOWER,12/17/2025,379.85,379.85,383.3,377.3,378.55,380.21,2168123,32137
TATAPOWER,12/16/2025,381.65,381.65,381.9,378.2,379.85,379.76,2682924,40799
TATAPOWER,12/15/2025,381.95,380,382.4,378,381.65,380.36,3359948,43330
TATAPOWER,12/12/2025,380.15,382.1,383.6,379.8,381.95,381.63,6778054,36459
TATAPOWER,12/11/2025,379.85,379.85,382.25,376.2,380.15,380.31,3985013,39171
TATAPOWER,12/10/2025,376.25,376.75,382.4,376.5,379.85,380.78,4914788,48745
TATAPOWER,12/9/2025,374.15,373.5,378.35,369.8,376.25,374.81,2822828,36442
TATAPOWER,12/8/2025,384.5,383.2,385.25,372.3,374.15,376.83,7008862,80951
TATAPOWER,12/5/2025,384.45,385,386,380.55,384.5,383.74,5332479,37915
TATAPOWER,12/4/2025,383.65,383.6,386.85,382,384.45,384.85,3786100,44429
TATAPOWER,12/3/2025,388.45,387.2,389.1,382.3,383.65,384.68,3885600,37356
TATAPOWER,12/2/2025,389.75,387.1,389.15,385.9,388.45,387.76,3302460,32241
TATAPOWER,12/1/2025,390.1,390.65,393,386.7,389.75,388.75,3420680,44104
TATAPOWER,11/28/2025,392.05,392.2,393.95,389.4,390.1,391.18,3760769,35011
TATAPOWER,11/27/2025,391.5,392.4,399.95,391.5,392.05,395.23,7412732,74536
TATAPOWER,11/26/2025,380,380.5,392,380.3,391.5,388.91,4917525,40839
TATAPOWER,11/25/2025,382.55,383,383.65,379,380,381.51,4238096,61553
TATAPOWER,11/24/2025,387,390,391.5,381.2,382.55,384.53,5819567,75563
TATAPOWER,11/21/2025,388.1,388.05,390.2,385.7,387,387.84,4036922,41215
TATAPOWER,11/20/2025,389.1,389.25,392,387,388.1,390.06,3477240,37588
TATAPOWER,11/19/2025,386.25,386.95,389.75,384.2,389.1,387.25,3747191,38595
TATAPOWER,11/18/2025,392.75,394,394,385.5,386.25,388.46,4583330,38915
TATAPOWER,11/17/2025,388.4,388.5,393.4,388.5,392.75,391.6,6120004,42581
TATAPOWER,11/14/2025,388.8,388.8,390,385.15,388.4,387.88,5263918,54163
TATAPOWER,11/13/2025,388.65,389.4,392.7,385,388.8,389.18,5052456,55628
TATAPOWER,11/12/2025,395.6,390,395.9,387.5,388.65,390.59,7856248,89822
TATAPOWER,11/11/2025,395.85,395.8,396.4,390.05,395.6,393.74,3826554,40449
TATAPOWER,11/10/2025,393.2,393.2,397.9,392.35,395.85,395.4,2906630,39110
TATAPOWER,11/7/2025,391.75,390.95,394.4,386,393.2,390.29,4676601,102395
TATAPOWER,11/6/2025,400.6,400.7,402.3,390.25,391.75,394.9,5024909,57751
TATAPOWER,11/4/2025,408.6,407.5,408,398.55,400.6,400.86,6132035,58545
TATAPOWER,11/3/2025,404.9,403.85,409.5,401.25,408.6,406.75,4166052,48030
TATAPOWER,10/31/2025,409.8,409.6,409.9,404.5,404.9,406.56,5071291,75172
TATAPOWER,10/30/2025,410.7,411.05,413.25,408.3,409.8,410.4,3782450,45906
TATAPOWER,10/29/2025,398.65,399,412.4,398.7,410.7,409.22,10944400,90121
TATAPOWER,10/28/2025,400.25,400.25,401.85,396.1,398.65,399.15,3949368,40879
TATAPOWER,10/27/2025,396.85,396.9,401.75,395.65,400.25,400.14,2799280,34331
TATAPOWER,10/24/2025,397.65,397.65,399.2,394,396.85,397.34,5032576,43331
TATAPOWER,10/23/2025,398.8,398.85,403.85,396.15,397.65,400.74,5231732,50204
TATAPOWER,10/21/2025,399.8,400,401.2,397.55,398.8,399.54,712785,20173
TATAPOWER,10/20/2025,397.8,398.3,401,396.65,399.8,399.46,4130123,44141
TATAPOWER,10/17/2025,399,399,400.5,394.55,397.8,397.13,4998891,47291
TATAPOWER,10/16/2025,396.5,397,402.8,396.15,399,400.12,5611314,77671
TATAPOWER,10/15/2025,391.55,391.55,397.3,391.3,396.5,395.02,4091897,40152
TATAPOWER,10/14/2025,391.15,391.15,393.1,387.7,391.55,390.49,4978714,39939
TATAPOWER,10/13/2025,390.1,388,392.05,385.25,391.15,387.91,4861965,50074
TATAPOWER,10/10/2025,388.2,396,396.8,389.6,390.1,392.87,7725390,65119
TATAPOWER,10/9/2025,385.45,386.8,389.65,381.5,388.2,386.33,5139999,52892
TATAPOWER,10/8/2025,392.5,391.5,393.4,384.25,385.45,388.22,5286159,48006
TATAPOWER,10/7/2025,395.55,395.5,397.5,391.25,392.5,393.37,5544502,49282
TATAPOWER,10/6/2025,394.9,394.9,396.4,389.3,395.55,392.92,4190489,48274
TATAPOWER,10/3/2025,391.15,392,395.5,390,394.9,392.84,4157330,47127
TATAPOWER,10/1/2025,388.65,388.65,392.8,388.6,391.15,390.34,2705427,39102
TATAPOWER,9/30/2025,388.05,388,392.05,386.1,388.65,389.27,3229139,43638
TATAPOWER,9/29/2025,383.8,384.25,389.45,383.25,388.05,386.91,3592071,49267
TATAPOWER,9/26/2025,386,386,387,382.2,383.8,384.72,3519702,42650
TATAPOWER,9/25/2025,390.3,390.3,392.4,385.2,386,389.02,3091484,43839
TATAPOWER,9/24/2025,395.5,394.5,396.4,389.2,390.3,392.58,3121538,40335
TATAPOWER,9/23/2025,395.3,396.5,398.2,394.25,395.5,396.22,2963511,35522
TATAPOWER,9/22/2025,396.3,396,399.9,394,395.3,397.13,4424464,50897
TATAPOWER,9/19/2025,393.1,393.25,397.5,393.15,396.3,395.84,5457632,43354
TATAPOWER,9/18/2025,394.65,395.05,397,390.1,393.1,393.44,3956999,49462
TATAPOWER,9/17/2025,396.05,397.25,397.8,393.55,394.65,394.87,4229347,38426
TATAPOWER,9/16/2025,388,388,399.8,388,396.05,396.51,10102211,102743
TATAPOWER,9/15/2025,386.25,386,390.95,385.5,388,388.14,3837268,41320
TATAPOWER,9/12/2025,388.1,388.2,389.8,384,386.25,386.41,3626792,48159
TATAPOWER,9/11/2025,386.5,386.45,388.7,385.5,388.1,387.31,3078027,37816
TATAPOWER,9/10/2025,384.65,386.8,390.95,386.05,386.5,388.5,4022433,44522
TATAPOWER,9/9/2025,383.25,383.5,385.65,381.15,384.65,383.37,3129390,36254
TATAPOWER,9/8/2025,385.8,385.8,387.8,382.6,383.25,385.45,2978303,45588
TATAPOWER,9/5/2025,382.6,382.6,386.5,380.1,385.8,383.47,3358057,35972
TATAPOWER,9/4/2025,389.15,390.05,392,381.75,382.6,385.68,4114491,45123
TATAPOWER,9/3/2025,386.05,386.05,389.7,385.7,389.15,388.11,2628692,30539
TATAPOWER,9/2/2025,380.55,380.9,388.4,380,386.05,385.68,3362410,36215
TATAPOWER,9/1/2025,374.15,374.15,381,374.15,380.55,378.56,2169911,34527
TATAPOWER,8/29/2025,371.1,371.1,375,368.5,374.15,373.59,5793121,46080
TATAPOWER,8/28/2025,377.75,377.75,378.5,370.25,371.1,373.92,5704659,56098
TATAPOWER,8/26/2025,383.25,382.15,383.6,376.6,377.75,380.04,5561286,57332
TATAPOWER,8/25/2025,385.6,386.05,388.4,382.4,383.25,385.71,4216691,41196
TATAPOWER,8/22/2025,388.05,387,388.7,384.7,385.6,386.28,3042678,34019
TATAPOWER,8/21/2025,390.55,390.1,392.3,386.8,388.05,389.05,2551655,28074
TATAPOWER,8/20/2025,389.15,388.95,392.45,388.05,390.55,391.18,3045301,31553
TATAPOWER,8/19/2025,387.3,387.35,389.65,386.5,389.15,388.6,2047149,28448
TATAPOWER,8/18/2025,385.3,389,390,385.3,387.3,387.59,3712118,41924
TATAPOWER,8/14/2025,387.2,387.2,388.6,383.15,385.3,385.19,2662149,33484
TATAPOWER,8/13/2025,384.45,385.5,388.95,384.4,387.2,386.85,3757839,33736
TATAPOWER,8/12/2025,384.3,384.1,388.95,383.5,384.45,385.86,2575426,33796
TATAPOWER,8/11/2025,378.8,380,385.9,377.5,384.3,382.94,3328976,41067
TATAPOWER,8/8/2025,385.55,385.55,387.1,376,378.8,381.59,3495353,39860
TATAPOWER,8/7/2025,385.55,383,386.75,379,385.55,382.48,5333971,54139
TATAPOWER,8/6/2025,385.55,385.55,387,381.65,385.55,384.69,6114204,49934
TATAPOWER,8/5/2025,387.1,388,390.5,382.7,385.55,386.7,6366590,62147
TATAPOWER,8/4/2025,389.3,390,391.65,376.25,387.1,384.2,13251686,112861
TATAPOWER,8/1/2025,397.75,395.1,398.15,388.2,389.3,392.52,6240934,73837
TATAPOWER,7/31/2025,401.35,396.7,400.5,396.1,397.75,398.44,5285016,56007
TATAPOWER,7/30/2025,399.85,401.5,403.75,397.7,401.35,401.47,5468844,43875
TATAPOWER,7/29/2025,399.2,397,401.6,396,399.85,399.3,5038609,44932
TATAPOWER,7/28/2025,395.35,394.1,403.8,393.5,399.2,399.8,5758606,55648
TATAPOWER,7/25/2025,400.7,399.8,401.25,394.3,395.35,398.02,5831294,52827
TATAPOWER,7/24/2025,402.5,402.3,403.95,398.7,400.7,400.53,4023200,39826
TATAPOWER,7/23/2025,399.15,400.1,405,399.65,402.5,402.27,3778869,56450
TATAPOWER,7/22/2025,401.85,403.75,403.9,398.5,399.15,400.17,3980682,43111
TATAPOWER,7/21/2025,407.9,404,404,395,401.85,400.19,7045744,71530
TATAPOWER,7/18/2025,413.45,411,414.15,406.15,407.9,409.42,4614946,54451
TATAPOWER,7/17/2025,414.7,415,416.4,411.15,413.45,413.76,6347491,69567
TATAPOWER,7/16/2025,403.9,403.05,416.75,402.5,414.7,410.89,13501549,124437
TATAPOWER,7/15/2025,402.55,402.6,405.3,398.85,403.9,402.51,4286434,42302
TATAPOWER,7/14/2025,396.85,396.85,403.15,395.5,402.55,401.06,4074490,55287
TATAPOWER,7/11/2025,399.9,399.05,401.7,395.4,396.85,398.3,6893575,70076
TATAPOWER,7/10/2025,400.65,400.65,402.7,397.8,399.9,399.9,4302998,69389
TATAPOWER,7/9/2025,400.85,400.85,405.5,398.5,400.65,401.65,4148059,67836
TATAPOWER,7/8/2025,401.2,401.2,406.65,397.7,400.85,401.41,5551339,54092
TATAPOWER,7/7/2025,401,401,403.55,398.4,401.2,400.86,6385392,66495
TATAPOWER,7/4/2025,399.9,399,403.55,398.5,401,400.75,3432678,44574
TATAPOWER,7/3/2025,406.65,400,403.7,396.6,399.9,399.72,9669274,98977
TATAPOWER,7/2/2025,406.55,406.55,410.9,404.4,406.65,407.31,4283041,49008
TATAPOWER,7/1/2025,405.45,406,407.8,403,406.55,405.85,3180881,50558
TATAPOWER,6/30/2025,408.85,408.85,410.2,403.5,405.45,405.53,3232056,62699
TATAPOWER,6/27/2025,405.65,407.1,411.5,406.35,408.85,409.36,5243333,85973
TATAPOWER,6/26/2025,403.05,403.05,406,401.5,405.65,404.04,5064123,54310
TATAPOWER,6/25/2025,398.45,400.95,405.65,400,403.05,403.49,6324991,60500
TATAPOWER,6/24/2025,393,395,403.8,394.85,398.45,399.52,6296902,71236
TATAPOWER,6/23/2025,390.1,385,394.55,384.55,393,390.64,5195843,70535
TATAPOWER,6/20/2025,384.55,383.5,392.5,381.6,390.1,389.44,15318217,84838
TATAPOWER,6/19/2025,393.4,392.5,394.1,383,384.55,387.72,4441866,102698
TATAPOWER,6/18/2025,396.05,396.05,398,390.6,393.4,393.97,2973122,49048
TATAPOWER,6/17/2025,399.4,399.4,402.2,395,396.05,398.18,3234777,54385
TATAPOWER,6/16/2025,397.2,397,401.25,391.25,399.4,397.52,3609820,51935
TATAPOWER,6/13/2025,401.65,395,399.4,393.75,397.2,396.6,4749159,63730
TATAPOWER,6/12/2025,412.05,412,412.5,400.05,401.65,406.57,5284359,72857
TATAPOWER,6/11/2025,413.2,415,416.8,409.35,412.05,413.55,6791313,85079
TATAPOWER,6/10/2025,406.2,409,416,406.2,413.2,411.36,10129259,87403
TATAPOWER,6/9/2025,399.55,400.4,407.5,400,406.2,404.31,5981383,65413
TATAPOWER,6/6/2025,393.55,392.1,400.8,392.1,399.55,397.51,6204861,54777
TATAPOWER,6/5/2025,393.65,393,397.95,392.3,393.55,395.07,3947460,47266
TATAPOWER,6/4/2025,391.5,391,395,389.05,393.65,391.86,7238701,55371
TATAPOWER,6/3/2025,396.85,396.85,399.15,389.85,391.5,393.72,4922600,51407
TATAPOWER,6/2/2025,392.8,392.8,398.2,391.1,396.85,394.87,4988795,53662
TATAPOWER,5/30/2025,397.3,397,399.9,391.05,392.8,393.56,6602059,60833
TATAPOWER,5/29/2025,396.35,398.7,399.15,395.1,397.3,396.72,3547895,42829
TATAPOWER,5/28/2025,402.2,400.95,404.55,395.5,396.35,399.52,5224499,53041
TATAPOWER,5/27/2025,402.6,402.9,404,398.4,402.2,401.56,4088356,52794
TATAPOWER,5/26/2025,402.05,402.25,406,400.6,402.6,402.69,5935753,51369
TATAPOWER,5/23/2025,395.6,396.15,402.8,393.55,402.05,399.14,5125963,46766
TATAPOWER,5/22/2025,401.85,399,402.55,389.5,395.6,396.28,5109983,55236
TATAPOWER,5/21/2025,398.95,400.8,402.85,396.15,401.85,400.27,3841567,40776
TATAPOWER,5/20/2025,408.1,408.3,408.75,398.3,398.95,403.61,5873673,64293
TATAPOWER,5/19/2025,405.8,407.8,411.95,406.6,408.1,409.83,6903749,77399
TATAPOWER,5/16/2025,397.95,397.95,409.8,397.65,405.8,406.73,13234846,111040
TATAPOWER,5/15/2025,396.95,403,404,392.65,397.95,397.77,18848985,124212
TATAPOWER,5/14/2025,389.3,390.5,398.9,390.3,396.95,394.55,8640596,69465
TATAPOWER,5/13/2025,391.4,392,395.9,388.05,389.3,392.18,5941514,59723
TATAPOWER,5/12/2025,371,382,393,378.5,391.4,388.55,8931721,68748
TATAPOWER,5/9/2025,370.15,358.15,372.05,357.25,371,365.4,9008734,103503
TATAPOWER,5/8/2025,377.35,377.35,383.6,367.3,370.15,376.7,5891937,62228
TATAPOWER,5/7/2025,374.9,366,380.85,366,377.35,376.55,6822934,61034
TATAPOWER,5/6/2025,389.1,388.05,389.8,373,374.9,379.75,5610082,70538
TATAPOWER,5/5/2025,381.75,382,389.9,380.15,389.1,386.38,4274926,53228
TATAPOWER,5/2/2025,384.4,384,390.45,380.65,381.75,385.17,6399563,66419
TATAPOWER,4/30/2025,393.35,391.8,391.8,382,384.4,387.06,4942900,56573
TATAPOWER,4/29/2025,395.1,395.1,403.3,392,393.35,397.51,8781695,82062
TATAPOWER,4/28/2025,387.6,386.15,400.4,386.15,395.1,395.94,10237785,96907
TATAPOWER,4/25/2025,395.85,394.5,402.5,382.15,387.6,391.6,14233760,108758
TATAPOWER,4/24/2025,394.45,392.5,399.25,391.9,395.85,396.75,6639147,65369
TATAPOWER,4/23/2025,388.6,390.1,395.95,382.2,394.45,389.47,8443906,80923
TATAPOWER,4/22/2025,390.85,393,395.45,387,388.6,391.76,6180369,61083
TATAPOWER,4/21/2025,381.7,383.1,394,382,390.85,390.11,7589962,98027
TATAPOWER,4/17/2025,381.25,381,384.35,378.5,381.7,381.39,6156250,93693
TATAPOWER,4/16/2025,378.5,378,382.95,377.5,381.25,380.49,5869686,59578
TATAPOWER,4/15/2025,364.45,375,380.55,372.3,378.5,377.75,7238758,79564
TATAPOWER,4/11/2025,358.25,368.1,368.9,362.1,364.45,365.12,5187303,58346
TATAPOWER,4/9/2025,359.7,359.7,363,354.15,358.25,358.35,4343527,47858
TATAPOWER,4/8/2025,354.85,360.25,370.7,356,359.7,360.46,6317158,83780
TATAPOWER,4/7/2025,368.95,337,358.7,335,354.85,351.77,9906124,123590
TATAPOWER,4/4/2025,385.65,383.8,388.2,367.1,368.95,377.32,7609077,92340
TATAPOWER,4/3/2025,378.25,374,387.3,373.55,385.65,383.43,6580525,58577
TATAPOWER,4/2/2025,374.75,374.75,379.2,368.3,378.25,375.11,3283925,45272
TATAPOWER,4/1/2025,375.4,372.45,379.75,370.6,374.75,375.8,3414174,45826
TATAPOWER,3/28/2025,383.4,384.05,386.05,373.3,375.4,379.13,6458106,66708
TATAPOWER,3/27/2025,376,374.5,384.8,372.35,383.4,379.1,6287597,64805
TATAPOWER,3/26/2025,377.1,377.1,381,374.6,376,378.19,8048272,61973
TATAPOWER,3/25/2025,383.3,385,385.9,375.5,377.1,380.02,6063608,71371
TATAPOWER,3/24/2025,379.5,385,385,379.6,383.3,382.65,6177301,65935
TATAPOWER,3/21/2025,370.35,370.35,381.9,370.25,379.5,377.59,7559436,76684
TATAPOWER,3/20/2025,371.45,374.8,374.8,367.55,370.35,370.89,4678329,55843
TATAPOWER,3/19/2025,362.7,363.9,373.3,363,371.45,369.41,7875564,75790
TATAPOWER,3/18/2025,350.75,352.05,363.7,351.8,362.7,359.71,7096285,65571
TATAPOWER,3/17/2025,350.75,350.8,354.6,349,350.75,351.52,3997959,60019
WIPRO,3/13/2026,202.51,200.6,202.07,196.04,197.58,198.59,12629652,121034
WIPRO,3/12/2026,202.23,201.06,203.8,199.7,202.51,202.11,19042475,135021
WIPRO,3/11/2026,200.93,202.69,205.95,201.58,202.23,203,29199002,151769
WIPRO,3/10/2026,198.75,200.5,201.31,197.42,200.93,199.46,12982340,110516
WIPRO,3/9/2026,195.4,194,199.5,193.03,198.75,196.93,25862728,128441
WIPRO,3/6/2026,195.68,195.6,198.93,195,195.4,196.73,9022914,94511
WIPRO,3/5/2026,195.55,196.4,196.97,193.22,195.68,194.92,13149281,116136
WIPRO,3/4/2026,198.57,196.01,197.12,194.51,195.55,195.63,19562075,193797
WIPRO,3/2/2026,200.96,195,200.36,194.7,198.57,198.37,10486866,161009
WIPRO,2/27/2026,201.08,204,204,200.05,200.96,201.53,13288519,113529
WIPRO,2/26/2026,201.92,203.71,204.63,199.12,201.08,201.45,14378069,155229
WIPRO,2/25/2026,200.14,201.31,205.48,201.31,201.92,203.23,13979068,140141
WIPRO,2/24/2026,205.89,203,203.29,199.36,200.14,200.72,25036686,247920
WIPRO,2/23/2026,209.86,210.36,211.74,204.28,205.89,206.25,20946229,217361
WIPRO,2/20/2026,211.21,209.7,211.96,208.25,209.86,210.08,17690420,163649
WIPRO,2/19/2026,211.95,214,215.44,210.4,211.21,212.77,14151588,102693
WIPRO,2/18/2026,215.69,216.2,216.4,210.26,211.95,211.74,22679760,201305
WIPRO,2/17/2026,213.26,213.26,219.39,212.26,215.69,216.29,26941553,174468
WIPRO,2/16/2026,214.09,214.62,216.91,210.11,213.26,212.31,20754327,141937
WIPRO,2/13/2026,219.08,210.65,216.48,209.01,214.09,212.96,23721186,223527
WIPRO,2/12/2026,229.81,226.2,226.26,218.5,219.08,220.27,40899346,348088
WIPRO,2/11/2026,231.47,231.47,233,229.5,229.81,230.6,7874912,96034
WIPRO,2/10/2026,230.08,229.98,232.86,227.2,231.47,230.57,12435622,128441
WIPRO,2/9/2026,230.72,231.85,232.93,229.61,230.08,230.5,9112474,142928
WIPRO,2/6/2026,233.39,232.93,232.93,228.6,230.72,230.42,12279085,129896
WIPRO,2/5/2026,233.34,233.34,235.57,231.7,233.39,233.6,10102736,103605
WIPRO,2/4/2026,242.69,235.91,235.92,226.26,233.34,232.66,25995324,280243
WIPRO,2/3/2026,242.3,259.21,259.89,242.28,242.69,245.96,25915412,216052
WIPRO,2/2/2026,241.8,244,244.08,239.29,242.3,241.63,12335721,111976
WIPRO,2/1/2026,236.9,236.8,247.23,235.44,241.8,243.26,21033580,132501
WIPRO,1/30/2026,239.8,238,238,235.3,236.9,236.7,11362317,99619
WIPRO,1/29/2026,237.35,236.2,240.9,235.45,239.8,238.25,12201949,105121
WIPRO,1/28/2026,234.8,235.5,238.1,234.95,237.35,236.78,10155128,79176
WIPRO,1/27/2026,238.4,235.2,236.4,231.75,234.8,233.7,15677537,160464
WIPRO,1/23/2026,240.65,242.3,243.55,237.85,238.4,239.93,13546802,126293
WIPRO,1/22/2026,239.55,242,242.9,239.2,240.65,240.9,8537915,73157
WIPRO,1/21/2026,239.9,239.9,242.6,237.6,239.55,239.61,14397792,151454
WIPRO,1/20/2026,245.95,245.95,246,239.4,239.9,241.39,16796201,169874
WIPRO,1/19/2026,267.45,252,252,241.55,245.95,247.18,65833247,411151
WIPRO,1/16/2026,260.2,263.25,269.8,263,267.45,267.82,12028289,102007
WIPRO,1/14/2026,264.2,264,264,259.6,260.2,260.83,5625861,62045
WIPRO,1/13/2026,263.1,263.45,264.85,261.3,264.2,263.22,6931244,51936
WIPRO,1/12/2026,261.95,260.7,264.5,259.05,263.1,262.6,3802164,53333
WIPRO,1/9/2026,262.2,261.35,263.95,260.45,261.95,262.19,4735387,57177
WIPRO,1/8/2026,270.8,270.9,270.9,261.35,262.2,264.82,9269522,100744
WIPRO,1/7/2026,265.6,265,272.5,264.5,270.8,270.12,10242615,87098
WIPRO,1/6/2026,263.3,263.3,266.1,262.95,265.6,264.91,4083654,56243
WIPRO,1/5/2026,269,269.45,269.65,261.7,263.3,263.83,7006599,88066
WIPRO,1/2/2026,267.35,267.35,272.4,266.15,269,269.83,8286204,59920
WIPRO,1/1/2026,263.28,264.5,268.05,263.75,267.35,266.73,3639755,37501
WIPRO,12/31/2025,263.65,264,264.6,261.26,263.28,262.64,5705044,51645
WIPRO,12/30/2025,264.24,264,264.72,263.02,263.65,263.83,5117699,75947
WIPRO,12/29/2025,266.3,265.99,267.39,263.6,264.24,265.56,3755074,52279
WIPRO,12/26/2025,268.06,267.2,268.88,265.74,266.3,267.13,2899112,52478
WIPRO,12/24/2025,271.4,270.94,270.98,267.2,268.06,268.42,4694861,62692
WIPRO,12/23/2025,272.67,272,272.48,270.21,271.4,271.28,7572420,75683
WIPRO,12/22/2025,264.45,267.51,273.1,266.8,272.67,271.28,14651313,142390
WIPRO,12/19/2025,263.85,267,267,263.3,264.45,264.63,12750745,65906
WIPRO,12/18/2025,261.14,261.18,264.99,261,263.85,263.42,9008412,81183
WIPRO,12/17/2025,259.22,259,262.13,258.31,261.14,260.93,4923276,58007
WIPRO,12/16/2025,261.74,261.74,261.75,258.8,259.22,259.93,2982041,52058
WIPRO,12/15/2025,260.6,259.99,262.5,258.54,261.74,260.73,4023911,65233
WIPRO,12/12/2025,259.25,259.5,260.82,257.36,260.6,259.59,4008271,59594
WIPRO,12/11/2025,257.98,258.31,259.98,257.72,259.25,259.05,6473376,64064
WIPRO,12/10/2025,257.41,258.01,260.37,257.25,257.98,258.58,7944200,74001
WIPRO,12/9/2025,261.38,261.38,261.82,257.05,257.41,258.06,8560580,75288
WIPRO,12/8/2025,259.91,260.01,263.07,259.71,261.38,261.37,9684253,97906
WIPRO,12/5/2025,256.93,258.2,261.1,257.7,259.91,259.65,7886562,88688
WIPRO,12/4/2025,254.69,256,258.8,255.5,256.93,257.22,10687381,89639
WIPRO,12/3/2025,250.17,250.6,257.13,250.55,254.69,255.04,17215454,139700
WIPRO,12/2/2025,250.28,250,251.45,248.87,250.17,249.96,8535708,86860
WIPRO,12/1/2025,249.53,250.1,250.75,248.86,250.28,250.08,3865446,71087
WIPRO,11/28/2025,249.56,251,251.99,248.6,249.53,249.95,7049965,67376
WIPRO,11/27/2025,250.19,250.4,251.92,247.69,249.56,249.68,5268129,74342
WIPRO,11/26/2025,245.64,246,250.55,245.62,250.19,248.94,8202096,86257
WIPRO,11/25/2025,247.27,248,248,244,245.64,245.87,8188793,97736
WIPRO,11/24/2025,244.49,245.02,249.38,245.02,247.27,247.61,19711070,104905
WIPRO,11/21/2025,246.26,245,247.25,243.61,244.49,245.32,5516450,64254
WIPRO,11/20/2025,246.07,247.5,247.8,245.71,246.26,246.32,6705862,62389
WIPRO,11/19/2025,240.9,241.2,246.85,240.54,246.07,245.17,13298452,98584
WIPRO,11/18/2025,244.05,242.93,244,240.3,240.9,241.73,4730012,51881
WIPRO,11/17/2025,244.37,243.97,244.78,242.69,244.05,243.79,6559062,59521
WIPRO,11/14/2025,245.33,243.92,245.9,242.15,244.37,243.59,6841554,91626
WIPRO,11/13/2025,245.22,246,246,244,245.33,245.37,6211124,93441
WIPRO,11/12/2025,241.69,242.75,246.3,242.1,245.22,245.02,13152546,103627
WIPRO,11/11/2025,239.84,241.1,242.05,238.81,241.69,240.7,8831094,88771
WIPRO,11/10/2025,236.49,237.44,241.55,237.02,239.84,239.84,8566758,82903
WIPRO,11/7/2025,240.05,238.7,239.25,236,236.49,236.77,5520619,87628
WIPRO,11/6/2025,237.92,240,240.62,238.37,240.05,239.71,7141517,77981
WIPRO,11/4/2025,240.5,240.5,240.84,237.52,237.92,238.37,6848284,103001
WIPRO,11/3/2025,240.67,240.67,241.29,239.5,240.5,240.43,4902693,75660
WIPRO,10/31/2025,241.92,242.11,243.19,240.5,240.67,241.46,5659566,67133
WIPRO,10/30/2025,242.28,242.89,244.77,240.5,241.92,241.98,8344622,79344
WIPRO,10/29/2025,242.38,243.6,243.6,241.64,242.28,242.4,8776917,67295
WIPRO,10/28/2025,243.91,243.66,244.7,241.4,242.38,242.41,8780789,89491
WIPRO,10/27/2025,242.98,243.29,245.73,243.06,243.91,244.35,9550336,65767
WIPRO,10/24/2025,244.3,245,245.88,242.16,242.98,243.83,6803979,62407
WIPRO,10/23/2025,241.36,244.8,247.8,243.37,244.3,245.57,18964626,124858
WIPRO,10/21/2025,241.24,241,242.16,240.36,241.36,241.57,2082336,27617
WIPRO,10/20/2025,240.9,240.9,241.94,239.27,241.24,240.96,9871824,98492
WIPRO,10/17/2025,253.81,250,250,239.11,240.9,241.63,43802251,285578
WIPRO,10/16/2025,250.21,250.4,254.07,248.8,253.81,252.33,10661302,96120
WIPRO,10/15/2025,248.42,250,252.13,248.54,250.21,250.19,13278925,75741
WIPRO,10/14/2025,245.13,245.8,250.15,245.11,248.42,248.16,7888607,75705
WIPRO,10/13/2025,248.7,246.06,247.7,244.51,245.13,245.49,6717589,72184
WIPRO,10/10/2025,246.4,248,251.25,246.25,248.7,249.13,7070200,83077
WIPRO,10/9/2025,244.27,243.99,246.8,243.16,246.4,245.76,4629760,58945
WIPRO,10/8/2025,243.53,243.25,246.35,242.57,244.27,244.6,7360563,81653
WIPRO,10/7/2025,242.13,242.9,245,242.14,243.53,243.37,6587728,66541
WIPRO,10/6/2025,240.98,240,242.96,239.32,242.13,241.51,6064946,95492
WIPRO,10/3/2025,241.07,240.98,241.4,238.06,240.98,239.97,10968346,91040
WIPRO,10/1/2025,239.37,240,243.57,237.84,241.07,240.59,9479378,103764
WIPRO,9/30/2025,239.64,239.93,241.5,239,239.37,239.99,5590909,76129
WIPRO,9/29/2025,235.75,236.88,240.79,236.29,239.64,239.24,8894412,113119
WIPRO,9/26/2025,242,241.45,241.55,235.01,235.75,236.91,16999628,186077
WIPRO,9/25/2025,244.59,245.45,245.64,241.28,242,242.95,7957740,114006
WIPRO,9/24/2025,249.63,248.33,249.12,244.25,244.59,245.55,7888797,119211
WIPRO,9/23/2025,250.33,250.22,252,248.75,249.63,250.18,8674114,78897
WIPRO,9/22/2025,255.88,248.55,251.78,247.21,250.33,250.17,15784007,183999
WIPRO,9/19/2025,256.93,257,257.66,254.7,255.88,255.83,10741757,70932
WIPRO,9/18/2025,254.15,257,259.8,256,256.93,257.69,10498239,91505
WIPRO,9/17/2025,254.01,253.3,255.5,252.85,254.15,254.46,7339871,106539
WIPRO,9/16/2025,251.28,252,254.5,250.2,254.01,252.49,7316998,78519
WIPRO,9/15/2025,251.94,251.5,251.79,249.6,251.28,250.85,3700703,54844
WIPRO,9/12/2025,253.91,254.88,255.9,250.82,251.94,252.2,5345794,57268
WIPRO,9/11/2025,255.75,255.7,255.7,252.17,253.91,253.47,5865301,62615
WIPRO,9/10/2025,249.15,249.3,257.17,249.25,255.75,255.41,15261331,123766
WIPRO,9/9/2025,242.52,245,249.85,245,249.15,248.71,12836972,106736
WIPRO,9/8/2025,243.67,244.36,246.99,242.2,242.52,243.72,6596932,86320
WIPRO,9/5/2025,244.97,246.1,247.32,241.27,243.67,244.12,6233782,107082
WIPRO,9/4/2025,249.56,249.5,250.34,244.44,244.97,246.75,5021036,77917
WIPRO,9/3/2025,250.93,251.9,252.4,249.12,249.56,250.06,3862765,49289
WIPRO,9/2/2025,250.36,250.36,253.15,249.6,250.93,251.41,5046939,64292
WIPRO,9/1/2025,249.41,249.42,252.99,249.4,250.36,251.05,3198345,54664
WIPRO,8/29/2025,250.65,250.5,253.1,248.66,249.41,250.62,10117017,77009
WIPRO,8/28/2025,252.03,252.02,252.35,249.08,250.65,250.77,5851451,68338
WIPRO,8/26/2025,253.84,253,254.82,251.31,252.03,252.45,15797327,70418
WIPRO,8/25/2025,248.64,250.6,257.29,250.6,253.84,255.04,16391069,126819
WIPRO,8/22/2025,249.91,252,253,247.61,248.64,249.26,13572686,77178
WIPRO,8/21/2025,250.84,252.74,252.74,249.61,249.91,250.5,7607486,63179
WIPRO,8/20/2025,246.96,245.3,252.89,245.3,250.84,250.24,10099384,111418
WIPRO,8/19/2025,245.21,245.46,247.5,244.78,246.96,246.52,4090961,64648
WIPRO,8/18/2025,246.81,248.64,249.01,244.76,245.21,246.6,5789317,72478
WIPRO,8/14/2025,241.65,243.1,248.43,242.41,246.81,246.6,12857225,111213
WIPRO,8/13/2025,241.72,242.89,242.89,240.12,241.65,241.43,5820844,71750
WIPRO,8/12/2025,241.62,242.7,246.29,241.1,241.72,243.34,8101435,96929
WIPRO,8/11/2025,239.05,239.05,244.75,238.62,241.62,240.78,3047287,63216
WIPRO,8/8/2025,242.32,242.4,243.25,238.4,239.05,239.78,8922847,79296
WIPRO,8/7/2025,239.96,239.11,243.18,238.61,242.32,240.43,6190830,85305
WIPRO,8/6/2025,245.91,246,246,239.31,239.96,241.24,7700190,103533
WIPRO,8/5/2025,246.05,246.05,246.95,244.53,245.91,245.58,7383968,64537
WIPRO,8/4/2025,242.75,242.75,246.42,241.1,246.05,244.34,5234393,64857
WIPRO,8/1/2025,248.3,246.5,246.9,242.2,242.75,243.72,7436999,99441
WIPRO,7/31/2025,250.2,248.1,250.15,246.05,248.3,248.09,7338764,84657
WIPRO,7/30/2025,251.8,251.45,252.5,249.2,250.2,250.6,6057152,63965
WIPRO,7/29/2025,250.05,249.2,252.7,247.25,251.8,250.27,12923128,87366
WIPRO,7/28/2025,259.2,254,254,249,250.05,250.97,8998911,122372
WIPRO,7/25/2025,261.85,261.8,262.05,256.05,259.2,258.44,8427780,96017
WIPRO,7/24/2025,261.4,262,263.4,260.25,261.85,261.68,8139900,70205
WIPRO,7/23/2025,259.7,260.25,261.75,258.15,261.4,260.27,6510321,56622
WIPRO,7/22/2025,260.35,261.7,262.15,258.75,259.7,260,6724044,68578
WIPRO,7/21/2025,266.95,266.95,267.15,259.2,260.35,261.05,12190000,105649
WIPRO,7/18/2025,260.6,268.6,271.9,265.6,266.95,267.74,30319126,206966
WIPRO,7/17/2025,262.8,263.85,264.35,258,260.6,261.28,7484171,76199
WIPRO,7/16/2025,257.4,257.4,264,256.05,262.8,261.25,12179338,84066
WIPRO,7/15/2025,254.25,254,259.85,252.8,257.4,257.01,8750149,83644
WIPRO,7/14/2025,258.3,258.3,259.55,251.65,254.25,254.15,10388421,111556
WIPRO,7/11/2025,265.05,261,262.05,257.75,258.3,259.37,13109857,106302
WIPRO,7/10/2025,267.8,267.55,267.55,263.15,265.05,264.86,6911031,70245
WIPRO,7/9/2025,269.65,268,269.4,264.85,267.8,267.25,11564433,82512
WIPRO,7/8/2025,267.75,267.8,270.3,267.35,269.65,268.99,5519016,61212
WIPRO,7/7/2025,270.05,270.05,270.55,267.3,267.75,268.32,4849218,45796
WIPRO,7/4/2025,267.05,268.3,271.4,267.5,270.05,269.17,7141779,56595
WIPRO,7/3/2025,267,268.4,270.85,266.45,267.05,268.73,9357962,116740
WIPRO,7/2/2025,264.55,265,268.7,264.45,267,266.51,8750887,77570
WIPRO,7/1/2025,265.98,265.5,268.35,263.7,264.55,265.29,3886095,58198
WIPRO,6/30/2025,265.05,266.1,266.74,262.9,265.98,265.01,7119563,101877
WIPRO,6/27/2025,268.52,269,270,264.5,265.05,266.2,8906108,112283
WIPRO,6/26/2025,269.41,269.1,271.3,267.19,268.52,269.25,8564099,87330
WIPRO,6/25/2025,264.97,265.9,269.96,265.85,269.41,268.53,5331739,72178
WIPRO,6/24/2025,263.24,265.5,268.65,264.71,264.97,266.88,6319428,70987
WIPRO,6/23/2025,266.54,264,265.2,261.81,263.24,263.33,6214062,64958
WIPRO,6/20/2025,265.58,266,267.2,262.87,266.54,266.19,12904674,76477
WIPRO,6/19/2025,261.59,262.85,266.44,261.81,265.58,264.52,14184486,145765
WIPRO,6/18/2025,262.91,262.9,265.6,261.03,261.59,262.72,5016660,56803
WIPRO,6/17/2025,262.89,262.89,265.45,261.66,262.91,263.73,7528454,89577
WIPRO,6/16/2025,260.21,260,265.31,258,262.89,261.48,10935361,91234
WIPRO,6/13/2025,259.61,255,262.25,254,260.21,259.7,8692116,95629
WIPRO,6/12/2025,258.92,260,263,256.32,259.61,260.27,14528657,125900
WIPRO,6/11/2025,254.87,256.02,261.6,254.1,258.92,258.25,17268454,125033
WIPRO,6/10/2025,251.29,252.9,255.8,251.83,254.87,254.42,10739851,119143
WIPRO,6/9/2025,248.59,249.6,253.4,249.22,251.29,250.95,9193904,101064
WIPRO,6/6/2025,247.94,247.1,249.98,247.1,248.59,248.5,4445411,65205
WIPRO,6/5/2025,246.86,246.9,249.49,246.88,247.94,247.93,6468060,68321
WIPRO,6/4/2025,246.22,246.51,249.81,246.51,246.86,247.41,6698150,94039
WIPRO,6/3/2025,247.68,248,249.5,245.73,246.22,246.59,8573438,132360
WIPRO,6/2/2025,249.67,247.6,248.42,246.2,247.68,247.48,5846259,90742
WIPRO,5/30/2025,250.14,250,251.11,248.52,249.67,249.74,13858429,79659
WIPRO,5/29/2025,247.43,249.65,251.74,248.1,250.14,249.97,11785042,113827
WIPRO,5/28/2025,248.25,249.59,250.14,246.96,247.43,247.9,6205160,57452
WIPRO,5/27/2025,250.24,250.99,250.99,247.99,248.25,248.75,6861143,69257
WIPRO,5/26/2025,247.36,248.49,250.85,248.2,250.24,249.71,3690751,47579
WIPRO,5/23/2025,245.94,246.1,250.49,245.6,247.36,248.47,7437642,62388
WIPRO,5/22/2025,250.92,249,249.89,245,245.94,246.57,11469037,134939
WIPRO,5/21/2025,249.71,249.71,252.11,248.1,250.92,250.77,5313593,84857
WIPRO,5/20/2025,251.75,253,254.6,249.31,249.71,251.24,9366429,74602
WIPRO,5/19/2025,254.31,254.31,254.74,251.28,251.75,252.64,6788784,84813
WIPRO,5/16/2025,256.57,257,257,253.53,254.31,254.65,6640387,66512
WIPRO,5/15/2025,252.94,253.2,257.1,250.62,256.57,254.19,12083645,117124
WIPRO,5/14/2025,251.57,251.57,253.69,250.75,252.94,252.34,8839105,88004
WIPRO,5/13/2025,257.28,256.95,256.95,250.62,251.57,252.86,11714159,100429
WIPRO,5/12/2025,242.01,245.09,257.94,244.88,257.28,252.78,19791711,136844
WIPRO,5/9/2025,241.57,236.6,242.95,236.5,242.01,240.7,10582438,97358
WIPRO,5/8/2025,244.04,243.11,245.83,239.31,241.57,242.35,11434833,108236
WIPRO,5/7/2025,241.19,236.01,244.45,236.01,244.04,242.3,9130056,88615
WIPRO,5/6/2025,243.57,244.5,245.9,240.61,241.19,243.01,8869045,70760
WIPRO,5/5/2025,242.87,244,246.87,242.7,243.57,244.4,12170446,111265
WIPRO,5/2/2025,241.5,242.04,245.8,240.75,242.87,243.16,14411726,104403
WIPRO,4/30/2025,241.4,241.55,243.4,239.2,241.5,241.15,14206640,93233
WIPRO,4/29/2025,240.5,241.6,243.6,239.85,241.4,241.71,16647246,107681
WIPRO,4/28/2025,240.9,240.5,241.95,238.75,240.5,240.47,14218414,85423
WIPRO,4/25/2025,242.75,243.95,246.15,238.05,240.9,241.42,16620430,111293
WIPRO,4/24/2025,243.6,244.8,245.15,241.5,242.75,243.06,23000820,128941
WIPRO,4/23/2025,234.15,237.2,245.35,236.1,243.6,241.27,31898042,193934
WIPRO,4/22/2025,238.45,238.45,239,233.5,234.15,235.75,18367713,140022
WIPRO,4/21/2025,236.9,237.4,240.8,237.4,238.45,239.13,16298364,130844
WIPRO,4/17/2025,247.65,235,237.8,232.15,236.9,235,54875421,383213
WIPRO,4/16/2025,244,244,248.45,241.2,247.65,245.26,16203319,130894
WIPRO,4/15/2025,239.75,245.05,245.05,241.35,244,243.17,10694621,92233
WIPRO,4/11/2025,236.65,245,245,238.35,239.75,240.83,11205821,112385
WIPRO,4/9/2025,247.25,240.7,242.3,234,236.65,236.45,19063559,177126
WIPRO,4/8/2025,242.9,244.75,249.5,243.85,247.25,246.66,13806651,97863
WIPRO,4/7/2025,246.3,231.05,243.85,228,242.9,236.82,13011904,197179
WIPRO,4/4/2025,256.35,253,253.95,244.85,246.3,247.56,14639785,131920
WIPRO,4/3/2025,263.6,259.9,260.5,255.3,256.35,257.42,12262561,126957
WIPRO,4/2/2025,262.6,262.8,265.55,261.1,263.6,263.37,7136992,65188
WIPRO,4/1/2025,262.25,260.35,263,258.5,262.6,261.23,8388635,89708
WIPRO,3/28/2025,272.2,271,271.85,261.6,262.25,264.88,14283389,124803
WIPRO,3/27/2025,267.4,270,273.55,269.6,272.2,271.48,14783522,128142
WIPRO,3/26/2025,271,272,272.25,266.75,267.4,268.87,7308412,89521
WIPRO,3/25/2025,269.4,272,274.7,269.35,271,271.98,12563930,116461
WIPRO,3/24/2025,264.3,267.05,271.65,265.4,269.4,268.68,9269617,87706
WIPRO,3/21/2025,268,264,269.55,260.2,264.3,265.52,22659168,145333
WIPRO,3/20/2025,265.7,269.2,273.95,267.5,268,269.98,17038774,144401
WIPRO,3/19/2025,261.25,262,266.5,256.25,265.7,262.49,14044300,117529
WIPRO,3/18/2025,259.85,261.75,263.05,259.4,261.25,260.79,11450247,117088
WIPRO,3/17/2025,264,264,265.2,258.9,259.85,261.42,12697930,126107
M&M,3/13/2026,3031.2,2965,3025,2922.6,2931.1,2971.75,7217643,268935
M&M,3/12/2026,3168.2,3115.1,3142.8,3020,3031.2,3056.55,6968585,280715
M&M,3/11/2026,3293.7,3276,3292.9,3156,3168.2,3206.85,4574950,270477
M&M,3/10/2026,3187.6,3278,3309.4,3228.9,3293.7,3264.88,2672336,150638
M&M,3/9/2026,3332.5,3250,3250,3142.9,3187.6,3177.41,3961149,208741
M&M,3/6/2026,3348,3315,3367,3315,3332.5,3342.41,2084605,127319
M&M,3/5/2026,3264.3,3277.3,3360.6,3276.2,3348,3316.67,2304760,176362
M&M,3/4/2026,3334.3,3240,3278.1,3207.9,3264.3,3246.91,4537215,290136
M&M,3/2/2026,3397.4,3299.9,3374.9,3283,3334.3,3322.56,2997529,216425
M&M,2/27/2026,3484.6,3460,3488.1,3381.1,3397.4,3416.42,3765500,185856
M&M,2/26/2026,3491.3,3505,3507,3461.6,3484.6,3483.27,1998012,180268
M&M,2/25/2026,3433.2,3435,3500.9,3425.4,3491.3,3477.69,2273269,113036
M&M,2/24/2026,3447.1,3415,3441,3390,3433.2,3422.67,1929400,97515
M&M,2/23/2026,3412.8,3425,3457.6,3416.9,3447.1,3444.91,1789276,130536
M&M,2/20/2026,3431.8,3443,3449.9,3402.5,3412.8,3418.3,2260853,143949
M&M,2/19/2026,3530.5,3534.9,3546.5,3421.3,3431.8,3465.4,2479531,117566
M&M,2/18/2026,3489.2,3491.1,3545,3483.2,3530.5,3505.07,1682427,61192
M&M,2/17/2026,3509.7,3509.7,3515.8,3462,3489.2,3480.16,1991583,80133
M&M,2/16/2026,3533.4,3535,3549.5,3469,3509.7,3504.87,1562001,89136
M&M,2/13/2026,3593.1,3530,3596.5,3520.3,3533.4,3556.03,1632115,127136
M&M,2/12/2026,3674.9,3698.2,3699,3582.2,3593.1,3619.03,2554236,147214
M&M,2/11/2026,3675.8,3704.7,3787,3666.1,3674.9,3716.83,4787745,231155
M&M,2/10/2026,3609.6,3616.3,3699,3601,3675.8,3664.62,1917432,126715
M&M,2/9/2026,3578,3593.8,3619.1,3557.1,3609.6,3602.61,1294690,79678
M&M,2/6/2026,3572,3577,3590,3530.6,3578,3564.62,1462031,84850
M&M,2/5/2026,3574,3592,3598.8,3528.1,3572,3566.77,1251428,108408
M&M,2/4/2026,3527.9,3549,3620,3519.1,3574,3583.82,2395062,174320
M&M,2/3/2026,3463.2,3638,3643.8,3513,3527.9,3559.47,5492214,240793
M&M,2/2/2026,3363.8,3355,3472.1,3343.7,3463.2,3412.69,2950641,163507
M&M,2/1/2026,3431.8,3444.3,3525,3343,3363.8,3436.11,1608594,82282
M&M,1/30/2026,3384.4,3283,3452.4,3282.8,3431.8,3394.56,5291090,189473
M&M,1/29/2026,3449.2,3449.2,3479.6,3321,3384.4,3364.46,5592638,196343
M&M,1/28/2026,3393.5,3379,3456.9,3376,3449.2,3422.39,3964878,174289
M&M,1/27/2026,3543.4,3437.2,3497.7,3344.1,3393.5,3396.79,7139715,345827
M&M,1/23/2026,3573.7,3573.7,3596,3534.8,3543.4,3561.01,1922549,97459
M&M,1/22/2026,3553.3,3600,3620,3533.4,3573.7,3566.97,2107171,104976
M&M,1/21/2026,3557.5,3543,3586.7,3517.1,3553.3,3552.5,1587467,135680
M&M,1/20/2026,3657.4,3646,3677.5,3540,3557.5,3598.28,1753439,132221
M&M,1/19/2026,3658.2,3689,3689,3614,3657.4,3649.89,1715818,108381
M&M,1/16/2026,3649.5,3650.1,3729.9,3650.1,3658.2,3689.08,2089943,136506
M&M,1/14/2026,3661.5,3663,3682,3635.1,3649.5,3655.07,1573135,132116
M&M,1/13/2026,3682,3717,3717,3631.5,3661.5,3654.66,1700985,102955
M&M,1/12/2026,3677.3,3675.3,3717,3598.8,3682,3656.44,1665237,97831
M&M,1/9/2026,3724,3712.1,3748.5,3667.1,3677.3,3696.91,1235928,80815
M&M,1/8/2026,3748.8,3730,3756.8,3693.2,3724,3725.81,1261005,90546
M&M,1/7/2026,3785.6,3800,3808.6,3718.5,3748.8,3754.25,1046776,88136
M&M,1/6/2026,3790.3,3788,3819.1,3758.1,3785.6,3776.88,1299489,74634
M&M,1/5/2026,3802.4,3805.9,3839.9,3785,3790.3,3809.25,1574098,99676
M&M,1/2/2026,3761,3759.9,3812,3743.2,3802.4,3797.33,1478292,119277
M&M,1/1/2026,3709.2,3725,3774,3721.1,3761,3756.9,1498161,95505
M&M,12/31/2025,3660.3,3653,3723.6,3640.4,3709.2,3684.25,1868363,105249
M&M,12/30/2025,3592.1,3590,3666,3575.2,3660.3,3646.84,2063179,123302
M&M,12/29/2025,3623.1,3622.7,3640.2,3588.1,3592.1,3614.18,1034692,59021
M&M,12/26/2025,3636.7,3636.7,3647,3614.6,3623.1,3626.77,829910,38529
M&M,12/24/2025,3625.1,3624.6,3658,3612.1,3636.7,3640.27,842897,53785
M&M,12/23/2025,3616.7,3619.2,3637.5,3605,3625.1,3621.54,1413628,95084
M&M,12/22/2025,3603.6,3600,3625,3576.9,3616.7,3606.92,1400786,108908
M&M,12/19/2025,3586.6,3571,3615,3560,3603.6,3598.04,1647819,93791
M&M,12/18/2025,3612.8,3600,3611.9,3540.1,3586.6,3568.76,2446168,142491
M&M,12/17/2025,3621,3647.9,3647.9,3594,3612.8,3612.94,1209367,103978
M&M,12/16/2025,3608,3581,3633.5,3577.9,3621,3617.75,1394406,108047
M&M,12/15/2025,3679.6,3632,3665.4,3603.6,3608,3619.21,1704069,152694
M&M,12/12/2025,3665.2,3665.4,3695,3661.3,3679.6,3679.41,1078982,88836
M&M,12/11/2025,3630,3623.4,3669.1,3615.9,3665.2,3642.92,981456,81623
M&M,12/10/2025,3635.9,3660,3694.9,3626.2,3630,3654.49,1593915,99751
M&M,12/9/2025,3681.7,3658,3674.4,3604.5,3635.9,3633.2,3901255,159487
M&M,12/8/2025,3717.1,3720,3725,3671.6,3681.7,3689.44,1500195,97521
M&M,12/5/2025,3671.6,3659.3,3721.5,3642.5,3717.1,3704.63,2393280,80840
M&M,12/4/2025,3649.4,3675,3678.2,3620.2,3671.6,3662.6,1984001,114158
M&M,12/3/2025,3716.5,3736,3740,3640,3649.4,3660.65,2002476,111944
M&M,12/2/2025,3741.6,3722.8,3748,3705.5,3716.5,3721.62,2285922,108543
M&M,12/1/2025,3757.3,3790,3795,3730,3741.6,3755.36,1830158,124425
M&M,11/28/2025,3681.2,3692,3768.9,3690.1,3757.3,3749.96,2944457,150530
M&M,11/27/2025,3686.4,3701.5,3717.6,3665,3681.2,3684.9,1993274,125917
M&M,11/26/2025,3669.3,3681,3708,3669.3,3686.4,3686.1,2116524,102699
M&M,11/25/2025,3690.8,3687,3695.8,3653,3669.3,3675.94,1714176,112437
M&M,11/24/2025,3749.6,3745.1,3749.5,3677.2,3690.8,3698.21,4059935,173533
M&M,11/21/2025,3716.7,3730,3779,3726,3749.6,3758.37,3184145,133438
M&M,11/20/2025,3722.5,3744.8,3759,3711.1,3716.7,3734.77,1815617,109216
M&M,11/19/2025,3694.8,3695,3746.5,3667.8,3722.5,3719.32,1626043,79016
M&M,11/18/2025,3734.9,3718.5,3732.7,3688,3694.8,3704.51,2613743,80348
M&M,11/17/2025,3698.6,3710,3754.5,3682.3,3734.9,3731.18,2094008,113027
M&M,11/14/2025,3699.5,3700,3716.8,3660.5,3698.6,3694.19,1847028,99835
M&M,11/13/2025,3754.3,3748.2,3754.1,3690.2,3699.5,3722.97,1599079,82467
M&M,11/12/2025,3749.1,3761,3781,3740,3754.3,3759.25,1984901,122975
M&M,11/11/2025,3663.9,3699.9,3759,3670,3749.1,3718.02,3044040,151361
M&M,11/10/2025,3690.2,3690.2,3715.8,3645.1,3663.9,3670.99,1620889,108575
M&M,11/7/2025,3618.5,3615.6,3718,3566.8,3690.2,3657.39,2595934,114599
M&M,11/6/2025,3581.2,3625,3674.7,3586.3,3618.5,3632.9,4535984,236481
M&M,11/4/2025,3548.9,3548.6,3632.8,3537.2,3581.2,3579.83,3494428,158797
M&M,11/3/2025,3487.2,3511,3590,3511,3548.9,3553.25,1776510,101811
M&M,10/31/2025,3502.1,3516.1,3526.7,3483.7,3487.2,3497.71,1915577,86391
M&M,10/30/2025,3534.7,3540,3550,3496,3502.1,3509.41,2103351,154066
M&M,10/29/2025,3579.1,3580,3583.5,3522.1,3534.7,3539.66,2526473,116799
M&M,10/28/2025,3611.6,3605,3624.9,3562,3579.1,3591.79,2851093,134052
M&M,10/27/2025,3625,3626.8,3635.3,3593,3611.6,3612.5,1440893,115594
M&M,10/24/2025,3623.6,3630,3655.3,3615.1,3625,3633.7,1654500,86815
M&M,10/23/2025,3621.2,3632.1,3650,3600,3623.6,3627.7,3724956,175986
M&M,10/21/2025,3599.1,3608.2,3628.1,3604.3,3621.2,3621.39,286950,28419
M&M,10/20/2025,3647.2,3674,3676,3593,3599.1,3630.88,2827250,120487
M&M,10/17/2025,3560.8,3561,3656,3560.1,3647.2,3629.84,3339579,143948
M&M,10/16/2025,3497.2,3503,3573.2,3498.3,3560.8,3552.62,2125552,149417
M&M,10/15/2025,3459.8,3461,3500,3460,3497.2,3490.86,1319445,74577
M&M,10/14/2025,3459.7,3469.9,3487.1,3428,3459.8,3453.14,1518505,88544
M&M,10/13/2025,3454.9,3432,3470,3432,3459.7,3456.02,1090517,98582
M&M,10/10/2025,3442.9,3425,3473.9,3395.7,3454.9,3444.15,1416272,98132
M&M,10/9/2025,3426.5,3450,3475,3424,3442.9,3441.65,1997853,99935
M&M,10/8/2025,3492.8,3500,3509.7,3422.6,3426.5,3447.19,1444911,96223
M&M,10/7/2025,3472,3468.1,3521.4,3465.1,3492.8,3491.83,1508939,88944
M&M,10/6/2025,3462,3462,3480,3425.1,3472,3463.48,1156082,71226
M&M,10/3/2025,3463.4,3462.1,3492.4,3404.2,3462,3445.02,2357702,122072
M&M,10/1/2025,3427,3419.2,3501,3415.5,3463.4,3467.09,2364844,120394
M&M,9/30/2025,3418.1,3420,3454,3393.1,3427,3425.21,2611078,121816
M&M,9/29/2025,3396.5,3419,3458,3405,3418.1,3431.03,3175716,211089
M&M,9/26/2025,3530,3510,3547.5,3391.6,3396.5,3438.21,3046760,211846
M&M,9/25/2025,3574.9,3579.9,3584.1,3521.8,3530,3545.18,2106344,120749
M&M,9/24/2025,3614.6,3614.5,3626.3,3568,3574.9,3593.6,1320014,99535
M&M,9/23/2025,3584.8,3610,3679.2,3606.8,3614.6,3627.06,2523224,126861
M&M,9/22/2025,3592.1,3600,3616.6,3569.3,3584.8,3592.08,1664133,80506
M&M,9/19/2025,3642.2,3601,3636.7,3584.5,3592.1,3602.33,4018342,116789
M&M,9/18/2025,3633.2,3636.1,3650,3603.3,3642.2,3629.28,2480472,107896
M&M,9/17/2025,3608,3608,3644.9,3593.1,3633.2,3625.72,2237804,92659
M&M,9/16/2025,3530.3,3545,3619.9,3528.9,3608,3580.21,2465043,117952
M&M,9/15/2025,3589.9,3590,3603.4,3526.6,3530.3,3544.99,2550444,140495
M&M,9/12/2025,3595.7,3594.9,3641,3582,3589.9,3599.07,2839264,129437
M&M,9/11/2025,3604.4,3620,3647.9,3580,3595.7,3597.27,1949934,128933
M&M,9/10/2025,3696.3,3702,3708.9,3591.4,3604.4,3624.04,2298202,149195
M&M,9/9/2025,3701.4,3702.2,3723.8,3673.1,3696.3,3696.11,2879258,194157
M&M,9/8/2025,3561.3,3585,3715.2,3579.1,3701.4,3673.43,4623789,220538
M&M,9/5/2025,3481.5,3511,3577.8,3481.5,3561.3,3554.3,3700943,190252
M&M,9/4/2025,3286,3527,3550,3463.4,3481.5,3494.72,7600320,353688
M&M,9/3/2025,3234.5,3269,3293.7,3232.8,3286,3266.31,2672659,121638
M&M,9/2/2025,3315.4,3325,3330,3223,3234.5,3270.24,3073407,181109
M&M,9/1/2025,3199.5,3191.1,3324.9,3191.1,3315.4,3278.35,3525726,174792
M&M,8/29/2025,3295.3,3271,3280,3187,3199.5,3213.52,3017625,207686
M&M,8/28/2025,3330.8,3375,3375,3287.3,3295.3,3308.84,2936428,180770
M&M,8/26/2025,3398.9,3395,3414,3318.1,3330.8,3354.33,3122442,145646
M&M,8/25/2025,3403,3428,3429,3381.8,3398.9,3396.86,1859862,132740
M&M,8/22/2025,3375.1,3380,3420,3375.4,3403,3399.83,2509867,129261
M&M,8/21/2025,3395.6,3410,3410,3370,3375.1,3387.18,1964795,112757
M&M,8/20/2025,3354,3354.1,3404.2,3335,3395.6,3374.4,2957816,176971
M&M,8/19/2025,3383.1,3400,3403.9,3338.1,3354,3367.12,2596242,214611
M&M,8/18/2025,3265.4,3350,3432,3335.3,3383.1,3401.48,5787481,329583
M&M,8/14/2025,3282.2,3273.2,3313.5,3262,3265.4,3276.6,1508721,104267
M&M,8/13/2025,3236.5,3255,3300,3238.7,3282.2,3273,2436029,114569
M&M,8/12/2025,3186.2,3186.1,3253,3185.1,3236.5,3235.18,3315978,152785
M&M,8/11/2025,3144.2,3150.9,3230,3130.3,3186.2,3169.91,2046761,132454
M&M,8/8/2025,3211.1,3207,3214.9,3135.6,3144.2,3169.17,1721037,135295
M&M,8/7/2025,3227.5,3198,3229.6,3161.1,3211.1,3203.57,2374621,96751
M&M,8/6/2025,3212.2,3212.2,3240.1,3178.6,3227.5,3212.42,1866321,101809
M&M,8/5/2025,3200.2,3195,3222,3170.1,3212.2,3198.75,1805644,94042
M&M,8/4/2025,3159.3,3170,3223,3160,3200.2,3200.23,2684012,101458
M&M,8/1/2025,3203.1,3205,3205,3116.7,3159.3,3160.76,3781457,183054
M&M,7/31/2025,3208.9,3225,3238.2,3135.6,3203.1,3199.17,4465859,242288
M&M,7/30/2025,3199.4,3195,3241.6,3151.9,3208.9,3191.71,2199654,155483
M&M,7/29/2025,3209.8,3203,3225.9,3186.6,3199.4,3203.08,1824673,132200
M&M,7/28/2025,3246.4,3246.4,3256.9,3199.2,3209.8,3219.27,1939520,111553
M&M,7/25/2025,3260.9,3256,3259,3214,3246.4,3237.82,1475856,74302
M&M,7/24/2025,3268.8,3255,3286.5,3243.7,3260.9,3264.66,1469406,108929
M&M,7/23/2025,3257.2,3260,3303,3248,3268.8,3274.46,2159800,120588
M&M,7/22/2025,3246.7,3246.7,3271.9,3210.5,3257.2,3242.64,1854072,131531
M&M,7/21/2025,3192.4,3177,3253.6,3152.8,3246.7,3223.16,2436535,129022
M&M,7/18/2025,3195,3208,3252,3176.7,3192.4,3202.66,2040381,126629
M&M,7/17/2025,3196.5,3186.3,3238,3171,3195,3192.87,3267180,125112
M&M,7/16/2025,3128.6,3128.6,3210,3082.4,3196.5,3154.19,2892812,140712
M&M,7/15/2025,3092.1,3086.1,3148.3,3082.9,3128.6,3123.96,2826720,123399
M&M,7/14/2025,3073.2,3072.8,3104.8,3053.6,3092.1,3089.15,2958843,93030
M&M,7/11/2025,3162.4,3158,3162.4,3062.4,3073.2,3091.91,3041614,150131
M&M,7/10/2025,3176.3,3172.1,3192.6,3137.6,3162.4,3161.04,1701384,84149
M&M,7/9/2025,3157.9,3145,3189,3141,3176.3,3174.88,1245661,69074
M&M,7/8/2025,3160.2,3150,3168,3123,3157.9,3145.25,1513129,120541
M&M,7/7/2025,3162.5,3162.5,3173,3152.1,3160.2,3163.69,853459,68501
M&M,7/4/2025,3174.4,3161.1,3177,3134.1,3162.5,3155.27,968006,63482
M&M,7/3/2025,3165.2,3165.2,3221,3164.8,3174.4,3196.86,2102806,98684
M&M,7/2/2025,3176.1,3168,3202.7,3153.7,3165.2,3172.44,1559309,76219
M&M,7/1/2025,3183.2,3188,3218,3168.2,3176.1,3188.97,1407074,90034
M&M,6/30/2025,3203.3,3205.4,3219.8,3161,3183.2,3184.38,2083572,111475
M&M,6/27/2025,3215.8,3205,3241.5,3187.1,3203.3,3206.86,5098406,176163
M&M,6/26/2025,3215.5,3225.9,3238,3183.5,3215.8,3208.13,2907261,161956
M&M,6/25/2025,3150.1,3180,3225.5,3160.5,3215.5,3195.35,2078771,101906
M&M,6/24/2025,3135,3155.1,3216.6,3136.8,3150.1,3177.77,2834887,151693
M&M,6/23/2025,3184.4,3163.6,3184.4,3122.7,3135,3141.92,1731432,96994
M&M,6/20/2025,3094.8,3100,3203,3090.3,3184.4,3173.67,8315834,233029
M&M,6/19/2025,3041.1,3038,3106.9,3034.2,3094.8,3082.49,2482920,107167
M&M,6/18/2025,3007.2,3000,3074.9,2986.6,3041.1,3043.9,2161043,93881
M&M,6/17/2025,3023.6,3043,3043,2994,3007.2,3008.48,1455355,113661
M&M,6/16/2025,3006,3001,3045,2988.1,3023.6,3019.76,1673726,82046
M&M,6/13/2025,3019.2,2932,3018.5,2932,3006,2990.46,2003184,102647
M&M,6/12/2025,3080.7,3088,3094,3007,3019.2,3035.72,2278398,117848
M&M,6/11/2025,3067.5,3085,3124,3076,3080.7,3096.19,1749787,81643
M&M,6/10/2025,3087.4,3102,3106.9,3059.8,3067.5,3082.98,1787253,111508
M&M,6/9/2025,3106.5,3130,3141,3078,3087.4,3101.96,1364639,76538
M&M,6/6/2025,3041.6,3041.6,3112.9,3027,3106.5,3075.56,2028071,95355
M&M,6/5/2025,3053.4,3078,3095,2994.8,3041.6,3049.4,3504632,143954
M&M,6/4/2025,3046.5,3045.1,3087,3040.1,3053.4,3061.48,1584653,82506
M&M,6/3/2025,3025.9,3042,3064.8,3027,3046.5,3045.88,3204094,139606
M&M,6/2/2025,2976.8,2976.8,3038.5,2962.3,3025.9,3015.36,2967741,170070
M&M,5/30/2025,3009,3005,3017.4,2957,2976.8,2977.23,3700191,113144
M&M,5/29/2025,2997.8,2999,3028.9,2987.2,3009,3003.39,2093429,102777
M&M,5/28/2025,3039.8,3039.7,3044.8,2993,2997.8,3009,1491995,93521
M&M,5/27/2025,3080.2,3080.2,3085,3014.6,3039.8,3040.7,2599143,130075
M&M,5/26/2025,3012.7,3038,3101,3027.7,3080.2,3078.97,2164190,150987
M&M,5/23/2025,3006.3,3020,3030.8,2984.2,3012.7,3011.07,1828093,105053
M&M,5/22/2025,3090.7,3076.6,3089.8,2980.5,3006.3,3010.09,3870830,187573
M&M,5/21/2025,3063.5,3063,3132,3048.1,3090.7,3096.44,1395136,78449
M&M,5/20/2025,3128,3128.2,3135.3,3049.1,3063.5,3076.55,2667772,115914
M&M,5/19/2025,3135.6,3115,3157,3103.6,3128,3133.83,2011149,149542
M&M,5/16/2025,3144.3,3135,3149.5,3115,3135.6,3134.27,2269659,186310
M&M,5/15/2025,3101.8,3085,3170.7,3073,3144.3,3127.25,3590003,198690
M&M,5/14/2025,3053.8,3037.5,3110,3018,3101.8,3092.44,2236302,98515
M&M,5/13/2025,3104.7,3050,3111,3035,3053.8,3073.02,2681662,178009
M&M,5/12/2025,2982.1,3044.7,3112.2,3033.7,3104.7,3067.99,2166730,157748
M&M,5/9/2025,3033.1,2961.6,3057.1,2955,2982.1,3009.04,2308852,127115
M&M,5/8/2025,3119.9,3127.4,3137,3008.5,3033.1,3058.1,3323894,155291
M&M,5/7/2025,3068.4,3021.9,3125,3021.9,3119.9,3098.08,2942902,140228
M&M,5/6/2025,3021.5,3150.6,3159.7,3056,3068.4,3097.22,5683215,266730
M&M,5/5/2025,2926.2,2948.9,3044,2937.7,3021.5,2995.56,4049197,198957
M&M,5/2/2025,2928.8,2950,3000,2910.2,2926.2,2953.27,3384402,142813
M&M,4/30/2025,2909.6,2908.8,2948.9,2887,2928.8,2927.07,2689753,115500
M&M,4/29/2025,2930.6,2950,2969.5,2901.8,2909.6,2920.47,2051228,110088
M&M,4/28/2025,2864.2,2918.9,2945,2882.3,2930.6,2911.69,1864672,105189
M&M,4/25/2025,2901.4,2901.4,2939.6,2831.1,2864.2,2872.73,2299310,107647
M&M,4/24/2025,2917.8,2917.8,2928,2865,2901.4,2893.16,2488496,107895
M&M,4/23/2025,2817.1,2830,2923,2826,2917.8,2890.96,3906215,153835
M&M,4/22/2025,2764,2765,2822,2756,2817.1,2800.01,3193757,166491
M&M,4/21/2025,2679.4,2699.9,2774,2665.9,2764,2742.15,3120955,129375
M&M,4/17/2025,2634.6,2632,2682.8,2602.4,2679.4,2653.58,2638979,174058
M&M,4/16/2025,2646,2660,2665,2618.3,2634.6,2636.04,3070954,230796
M&M,4/15/2025,2580.35,2606,2690,2606,2646,2661.82,3287861,235293
M&M,4/11/2025,2523.1,2549,2604,2532.05,2580.35,2575.14,3600209,226713
M&M,4/9/2025,2523.65,2540,2571.95,2515.95,2523.1,2542.52,3347213,188585
M&M,4/8/2025,2491.25,2510,2550,2454,2523.65,2508.62,4253527,227666
M&M,4/7/2025,2596.55,2425,2524.65,2425,2491.25,2486.05,3937471,284875
M&M,4/4/2025,2611.45,2614.95,2631.5,2557.05,2596.55,2598.52,3598415,181164
M&M,4/3/2025,2637.55,2607.75,2652.4,2600.25,2611.45,2624.91,2361203,126111
M&M,4/2/2025,2637.9,2631.1,2660,2625.3,2637.55,2641.07,2243574,129253
M&M,4/1/2025,2665.8,2652.8,2728,2623.15,2637.9,2662.5,3300417,171785
M&M,3/28/2025,2733,2735.8,2739.7,2635,2665.8,2659.63,6074446,283613
M&M,3/27/2025,2742.25,2735,2751,2695.55,2733,2727.11,4325599,216437
M&M,3/26/2025,2736,2751.3,2795,2737.05,2742.25,2759.3,3111504,155421
M&M,3/25/2025,2774.7,2774.7,2802.45,2725.05,2736,2752.07,3576766,220783
M&M,3/24/2025,2801.85,2815.3,2822.15,2709.4,2774.7,2758.48,5395134,262642
M&M,3/21/2025,2828.1,2839.1,2893,2781.25,2801.85,2833.87,3824316,128915
M&M,3/20/2025,2789.1,2803.75,2847,2801,2828.1,2827.02,2354374,146188
M&M,3/19/2025,2791.4,2795,2831.9,2779.55,2789.1,2804,2438912,130749
M&M,3/18/2025,2705.15,2732.3,2798,2715.05,2791.4,2769.58,3522624,147651
M&M,3/17/2025,2643.5,2635,2727.05,2635,2705.15,2689.17,2527623,160528
